grid_id,year,month,latitude,longitude,blue,green,red,nir,swir1,swir2,ndvi,ndmi,nbr,treecover2000,lossyear,forest_loss_next_year,forested_2000,elevation,slope,aspect,soil_moisture,precipitation,temperature_c,burned_this_month,night_lights,landsat_image_count,ndvi_delta_1m,ndmi_delta_1m,nbr_delta_1m,soil_moisture_delta_1m
-8435180,2020,7.0,36.193122797175526,-120.5449279759986,0.0464275,0.073405,0.0788224999999999,0.1602087499999999,0.16487,0.1383325,0.32611474,-0.026415333,0.07721605,53,21,1.0,1,999,26.648455,-0.0,0.077991575,0.0,26.521291269281903,1,6.235226183889374,28,,,,
-8386671,2021,2.0,36.678213050600064,-120.5449279759986,0.13914375,0.2080449999999999,0.24977625,0.30807625,0.404725,0.3617837499999999,0.1041917,-0.13565446,-0.080250114,77,20,0.0,1,105,1.482121,128.72968,0.22621316,0.023000002,11.504455707186764,1,0.1589108777698129,27,,,,
-8332773,2021,11.0,36.49854999377616,-119.82627574870298,0.0258849999999999,0.0467025,0.0415599999999999,0.1959175,0.1384425,0.076595,0.63231814,0.18417612,0.41328993,80,5,0.0,1,75,0.92740995,-0.0,0.1756728,0.025,14.65187377929692,1,1.7063399136066435,42,,,,
-8262704,2021,9.0,36.01345974035162,-118.6404995736652,0.0246887499999999,0.05262875,0.04503875,0.1905275,0.1088937499999999,0.0574824999999999,0.6209051,0.27352494,0.53712964,100,23,0.0,1,1730,14.61003,273.56042,0.08056546,0.009000001,19.518794695536315,1,2.219888397532961,24,,,,
-8260908,2021,9.0,36.01345974035162,-118.62253326798282,0.0198899999999999,0.041835,0.04013,0.23912,0.127965,0.0706275,0.7125873,0.30280453,0.54396725,99,23,0.0,1,2137,21.460688,188.78473,0.085741125,0.009000001,19.518794695536315,1,2.984039524003216,24,,,,
-8259111,2021,9.0,36.01345974035162,-118.60456696230042,0.03478125,0.05661625,0.0645637499999999,0.2082375,0.17961,0.11675875,0.5258461,0.07887593,0.28451017,96,21,0.0,1,2351,14.434613,231.03139,0.085741125,0.009000001,19.518794695536315,1,1.1207172170929287,24,,,,
-8257315,2021,9.0,36.01345974035162,-118.58660065661805,0.02506,0.044915,0.0468949999999999,0.1701225,0.1270575,0.0719199999999999,0.5678229,0.22469585,0.44665065,98,21,0.0,1,2160,15.540589,171.72466,0.085741125,0.011000001,19.518794695536315,1,0.8864919187744027,24,,,,
-8257314,2021,9.0,36.03142604603401,-118.60456696230042,0.1285975,0.16647875,0.15475,0.2281612499999999,0.1211725,0.0915412499999999,0.32375234,0.2991702,0.44079125,99,23,0.0,1,2492,17.933388,300.01233,0.085741125,0.009000001,19.518794695536315,1,8.267800069488585,24,,,,
-8255518,2021,9.0,36.03142604603401,-118.58660065661805,0.0381499999999999,0.0640824999999999,0.0711499999999999,0.1949,0.1602775,0.1101174999999999,0.5008182,0.14815061,0.31275627,92,21,0.0,1,2126,10.692316,140.49863,0.085741125,0.011000001,19.518794695536315,1,1.3559985806274673,24,,,,
-8255517,2021,9.0,36.08532496308118,-118.6404995736652,0.01285,0.0293775,0.0237674999999999,0.180325,0.088365,0.0401574999999999,0.7670909,0.34225315,0.63573074,100,22,1.0,1,1639,23.796417,272.10373,0.08822596,0.009000001,19.09175476498075,1,2.722322802704114,24,,,,
-8253721,2021,9.0,36.03142604603401,-118.56863435093564,0.0211824999999999,0.0427424999999999,0.0412849999999999,0.1911324999999999,0.1102549999999999,0.0592975,0.64473414,0.3281231,0.5722337,98,22,1.0,1,2049,7.4655056,188.78671,0.085741125,0.011000001,19.518794695536315,1,1.633312405164664,24,,,,
-8251925,2020,9.0,36.21108910285791,-118.73033110207716,0.060315,0.1047549999999999,0.1018124999999999,0.1584625,0.20216,0.2213,0.20879313,-0.12117242,-0.16546525,70,20,0.0,1,1248,26.366522,203.87613,0.09536946,0.007,20.55232151879204,1,1.582099656574428,28,,,,
-8251925,2021,9.0,36.01345974035162,-118.53270173957088,0.0294875,0.058775,0.0608374999999999,0.17697,0.1514775,0.08754,0.48834667,0.09101001,0.34999073,76,21,0.0,1,1624,20.688013,252.53833,0.09758113,0.011000001,19.197681956821043,1,4.552388374209404,24,,,,
-8251924,2021,9.0,36.03142604603401,-118.55066804525326,0.0327599999999999,0.0560525,0.0658699999999999,0.2058725,0.204855,0.1177349999999999,0.5573983,0.058454927,0.31514493,78,21,0.0,1,1935,12.706627,77.5624,0.09758113,0.011000001,19.518794695536315,1,2.361923376023769,24,,,,
-8250128,2021,9.0,36.08532496308118,-118.58660065661805,0.0256649999999999,0.0492874999999999,0.0565749999999999,0.239615,0.15321,0.082425,0.6179817,0.21995799,0.48810706,98,21,0.0,1,2584,16.945393,226.31642,0.09577223,0.011000001,19.09175476498075,1,0.4698368356778071,24,,,,
-8250127,2020,9.0,36.30092063126987,-118.80219632480672,0.049425,0.0950475,0.0847625,0.245005,0.1594525,0.0794274999999999,0.4859257,0.2624726,0.5390607,91,16,0.0,1,1674,12.746995,77.60376,0.09536946,0.006,22.44532282087539,1,1.0535937340723145,28,,,,
-8248331,2020,9.0,36.2470217142227,-118.73033110207716,0.05124,0.0953499999999999,0.09843,0.1747975,0.198145,0.1584074999999999,0.27950153,-0.07057664,0.041196633,96,16,0.0,1,1624,18.14676,113.27346,0.09536946,0.007,20.55232151879204,1,0.8286586885704942,28,,,,
-8248331,2021,9.0,36.0493923517164,-118.53270173957088,0.022035,0.04552,0.04024,0.1947625,0.1032699999999999,0.053275,0.65653074,0.36494175,0.6128763,94,22,1.0,1,1728,15.15806,26.323332,0.09758113,0.011000001,19.197681956821043,1,1.909816122613848,24,,,,
-8246535,2020,9.0,36.12125757444596,-118.58660065661805,0.00915125,0.023575,0.0183637499999999,0.12019625,0.0362249999999999,0.0175937499999999,0.7256605,0.57793146,0.761713,100,24,0.0,1,2211,22.919899,331.70862,0.08823072,0.008,20.29738445281987,1,5.681713567473567,28,,,,
-8246535,2021,9.0,36.06735865739879,-118.53270173957088,0.0259262499999999,0.04728,0.05542,0.1958075,0.15182125,0.09238,0.55906636,0.12828755,0.3602413,76,22,1.0,1,2184,12.689747,200.83957,0.09758113,0.011000001,19.605168935987702,1,1.297176704974845,24,,,,
-8246534,2020,9.0,36.10329126876357,-118.56863435093564,0.0249362499999999,0.0443924999999999,0.0444474999999999,0.16795,0.1140225,0.0811049999999999,0.5412752,0.18367104,0.31859064,96,20,0.0,1,2282,19.420898,38.68982,0.08823072,0.008,20.29738445281987,1,2.0459371124549457,28,,,,
-8246534,2021,9.0,36.0493923517164,-118.51473543388848,0.027315,0.0504974999999999,0.0544299999999999,0.1763374999999999,0.1592325,0.0924625,0.53983015,0.09833733,0.35437414,78,21,0.0,1,1728,25.09385,238.76813,0.09758113,0.011000001,19.197681956821043,1,1.1221847620606422,24,,,,
-8244738,2020,9.0,36.12125757444596,-118.56863435093564,0.0360324999999999,0.0483799999999999,0.0499474999999999,0.15000625,0.1155625,0.0976462499999999,0.43230632,0.11950862,0.21992797,100,20,0.0,1,1929,17.171516,114.77724,0.08823072,0.008,20.29738445281987,1,5.51070547118783,28,,,,
-8244738,2021,9.0,36.06735865739879,-118.51473543388848,0.0238774999999999,0.045685,0.045355,0.1905825,0.1345925,0.0709299999999999,0.64291716,0.24560672,0.50763875,52,21,0.0,1,1791,8.598935,138.53416,0.09758113,0.011000001,19.605168935987702,1,0.920120598077774,24,,,,
-8244737,2020,9.0,36.193122797175526,-118.6404995736652,0.03639,0.0624325,0.0626525,0.0913074999999999,0.1057724999999999,0.110035,0.17372239,-0.08612723,-0.10569882,100,21,1.0,1,1728,17.187273,308.90454,0.09571693,0.007,18.99103137122262,1,0.5041731793595396,28,,,,
-8242941,2020,9.0,36.12125757444596,-118.55066804525326,0.00955,0.0260362499999999,0.02044,0.10525,0.0515424999999999,0.0394974999999999,0.771192,0.27444217,0.36157,100,21,1.0,1,2149,18.226206,349.4802,0.08792739,0.008,20.29738445281987,1,4.361544174038702,28,,,,
-8242941,2021,9.0,36.08532496308118,-118.51473543388848,0.0258025,0.0420824999999999,0.0477749999999999,0.1724325,0.1271125,0.078025,0.57036877,0.13115467,0.3762965,36,21,0.0,1,2118,8.658745,148.25467,0.106388375,0.011000001,19.605168935987702,1,0.8349705170094966,24,,,,
-8241145,2020,9.0,36.12125757444596,-118.53270173957088,0.030945,0.0547599999999999,0.0598887499999999,0.1581875,0.13078375,0.11667625,0.4331468,0.13652709,0.23059979,99,20,0.0,1,2335,15.993855,163.75977,0.08792739,0.008,20.649277899000424,1,6.559335399901977,28,,,,
-8241145,2024,8.0,36.35481954831704,-118.76626371344194,0.0403362499999999,0.0658012499999999,0.0630925,0.2534612499999999,0.18324,0.0988975,0.61064976,0.19232245,0.46951467,37,24,0.0,1,1300,26.81344,173.14804,0.0954518,0.004,22.48306203452489,1,5.201462032273412,56,,,,
-8241144,2020,9.0,36.08532496308118,-118.49676912820608,0.0301474999999999,0.0509787499999999,0.05059375,0.1961925,0.15033625,0.09387875,0.6104643,0.1633659,0.3803702,45,20,0.0,1,2025,10.613247,58.77979,0.08792739,0.007,20.649277899000424,1,2.8498766111955045,28,,,,
-8239348,2020,9.0,36.13922388012835,-118.53270173957088,0.0158612499999999,0.0313025,0.03178375,0.1438875,0.09316375,0.0649349999999999,0.59317124,0.20466572,0.3606865,96,21,1.0,1,2127,7.9028435,35.28238,0.08792739,0.008,20.649277899000424,1,2.820901670069857,28,,,,
-8239348,2022,7.0,37.52262941767241,-119.91610727711492,0.0405287499999999,0.06316125,0.0657187499999999,0.253035,0.21111125,0.11821625,0.6131409,0.11083817,0.40711227,51,16,0.0,1,906,15.9471035,270.0,0.071992256,0.004,26.134651335849583,1,0.4098263397616775,52,,,,
-8239348,2024,8.0,36.372785853999424,-118.76626371344194,0.0475825,0.0834975,0.0680974999999999,0.24319,0.19061,0.1100074999999999,0.5624784,0.14537118,0.3873383,98,24,0.0,1,1776,26.749323,106.80121,0.0954518,0.004,22.48306203452489,1,4.350034989278625,56,,,,
-8239347,2020,9.0,36.15719018581074,-118.55066804525326,0.0511437499999999,0.08307125,0.0741612499999999,0.1452625,0.1109837499999999,0.1091275,0.26825535,0.1216806,0.188989,99,20,0.0,1,2329,20.362001,229.13782,0.08792739,0.008,18.99103137122262,1,0.437022197060287,28,,,,
-8239347,2020,11.0,36.15719018581074,-118.55066804525326,0.0102512499999999,0.02037125,0.0284974999999999,0.0429487499999999,0.0819024999999999,0.1012075,0.2033603,-0.29354867,-0.38363558,99,20,0.0,1,2329,20.362001,229.13782,0.14356276,0.043,5.012008815341574,1,0.147122392007573,14,,,,
-8237552,2022,7.0,37.52262941767241,-119.89814097143254,0.04299,0.0680974999999999,0.06323,0.315515,0.218495,0.1133899999999999,0.67912173,0.18121456,0.48045224,97,16,0.0,1,1034,10.833217,32.228504,0.071992256,0.004,26.134651335849583,1,0.450989693403244,52,,,,
-8237552,2024,8.0,36.40871846536421,-118.78423001912434,0.0310824999999999,0.0530275,0.0460974999999999,0.3209325,0.198585,0.0962299999999999,0.7669391,0.2826982,0.5735856,91,24,0.0,1,1584,14.583709,68.0801,0.10579433,0.004,22.48306203452489,1,2.117581731191388,56,,,,
-8237551,2020,9.0,36.10329126876357,-118.47880282252368,0.0270124999999999,0.0515424999999999,0.0462624999999999,0.2188525,0.1454825,0.076925,0.6840964,0.25795057,0.52449757,90,20,0.0,1,2056,27.714718,202.41928,0.0959783,0.008,20.649277899000424,1,1.7806812717020513,28,,,,
-8237551,2020,11.0,36.175156491493134,-118.55066804525326,0.0705587499999999,0.0872787499999999,0.0947587499999999,0.10916875,0.03758625,0.03142625,0.12869048,0.42476323,0.48717147,91,20,0.0,1,2406,8.592946,344.60803,0.1433844,0.043,5.012008815341574,1,0.1820060200989246,14,,,,
-8235755,2020,9.0,36.12125757444596,-118.47880282252368,0.03397,0.04871,0.0500849999999999,0.15145,0.12814375,0.1203887499999999,0.42137304,0.10393548,0.19585675,98,20,0.0,1,1834,15.54101,8.286538,0.0959783,0.008,20.649277899000424,1,2.791879030615091,28,,,,
-8235755,2022,7.0,37.52262941767241,-119.88017466575016,0.0484074999999999,0.0756049999999999,0.08666,0.2516325,0.2407699999999999,0.1437775,0.48766232,0.019384438,0.2938235,40,23,1.0,1,936,7.421152,231.58167,0.071992256,0.004,26.134651335849583,1,0.4955746077001094,52,,,,
-8235755,2024,8.0,36.40871846536421,-118.76626371344194,0.0247024999999999,0.0422199999999999,0.0390299999999999,0.212995,0.1386899999999999,0.0680425,0.72635883,0.27816087,0.56698674,91,24,0.0,1,1450,18.173618,281.37604,0.10579433,0.004,22.48306203452489,1,11.58824535466444,56,,,,
-8235755,2024,9.0,36.4266847710466,-118.78423001912434,0.0221999999999999,0.0331724999999999,0.03408,0.138305,0.114435,0.067025,0.59718925,0.12645824,0.3691237,95,24,0.0,1,1592,18.934853,328.14264,0.1069819,0.008,20.204938867357043,1,1.3383419530000538,49,-0.12916958,-0.15170263,-0.19786304000000005,0.001187569999999999
-8235754,2020,9.0,36.13922388012835,-118.49676912820608,0.023025,0.03874125,0.0402675,0.12124125,0.09354875,0.08689375,0.4232167,0.15687837,0.2257785,98,20,0.0,1,1755,4.3550577,31.762917,0.08792739,0.008,20.649277899000424,1,6.563384829805448,28,,,,
-8233958,2020,9.0,36.2470217142227,-118.58660065661805,0.058445,0.091775,0.0982374999999999,0.14287,0.1773825,0.21305,0.121271074,-0.10776653,-0.19717914,100,20,0.0,1,2494,25.870222,150.21782,0.09875464,0.008,18.99103137122262,1,0.3562696158885955,28,,,,
-8233958,2020,10.0,36.372785853999424,-118.71236479639477,0.0677125,0.0761275,0.0851199999999999,0.1042325,0.1476825,0.1814525,0.09896058,-0.21465841,-0.29216927,97,20,0.0,1,2287,27.619143,209.96889,0.099979,0.014,13.408839531355056,1,1.129406777676195,28,-0.022310494,-0.10689188,-0.09499012999999998,0.0012243599999999938
-8233958,2021,10.0,36.534482605140944,-118.87406154753629,0.0740925,0.08215,0.0867425,0.1069275,0.176585,0.1913524999999999,0.12158282,-0.24678305,-0.2841049,70,21,0.0,1,1144,16.907345,248.11223,0.18908435,0.055000003,15.15301288891868,1,1.2861293760177337,25,,,,
-8233958,2022,7.0,37.52262941767241,-119.86220836006775,0.0305324999999999,0.0467025,0.0375175,0.2078525,0.1449599999999999,0.0732399999999999,0.7255256,0.26179853,0.55021954,99,22,0.0,1,1267,19.068636,289.13608,0.071992256,0.004,26.134651335849583,1,0.5163127200579957,52,,,,
-8233958,2024,8.0,36.40871846536421,-118.74829740775957,0.0161637499999999,0.0366512499999999,0.03439625,0.21058875,0.12443125,0.0675612499999999,0.71641845,0.2539217,0.5156228,98,19,0.0,1,1803,19.36079,283.31717,0.10579433,0.004,17.91256314759613,1,10.08100887822608,56,,,,
-8233957,2020,9.0,36.15719018581074,-118.49676912820608,0.06918375,0.08848875,0.1055249999999999,0.15036375,0.22673125,0.27927,0.13609815,-0.2059527,-0.30288884,58,20,0.0,1,1821,6.355964,115.847435,0.08792739,0.008,20.16925674014624,1,3.847474337272022,28,,,,
-8232162,2020,9.0,36.21108910285791,-118.53270173957088,0.12278125,0.13303875,0.14164625,0.18938625,0.30945125,0.35936375,0.14425534,-0.2494529,-0.31604248,95,14,0.0,1,2132,19.707188,122.84129,0.09610006,0.008,20.16925674014624,1,1.8764360480755569,28,,,,
-8232162,2022,7.0,37.52262941767241,-119.84424205438536,0.0415875,0.0581975,0.0495899999999999,0.2389,0.180105,0.1002449999999999,0.6786116,0.17510346,0.467997,90,23,1.0,1,1022,7.219214,75.19148,0.071992256,0.004,25.25800273033883,1,0.3179474129445023,52,,,,
-8232162,2024,7.0,36.01345974035162,-118.33507237706458,0.0424674999999999,0.0691149999999999,0.0857525,0.19765,0.222895,0.1816725,0.42681685,-0.077706605,0.080453515,89,24,0.0,1,2557,4.9352307,292.02032,0.111453995,0.010000001,20.63410718774287,1,0.5775708953983018,56,,,,
-8232161,2020,9.0,36.10329126876357,-118.42490390547653,0.0454099999999999,0.0618825,0.0778187499999999,0.10760125,0.1773549999999999,0.20195375,0.15966116,-0.24214487,-0.29564744,95,2,0.0,1,2126,25.921894,2.3624773,0.0959783,0.008,19.45991971757678,1,0.8746022560101535,28,,,,
-8232161,2020,10.0,36.372785853999424,-118.6943984907124,0.084735,0.0998049999999999,0.1155074999999999,0.1485075,0.2398624999999999,0.3071824999999999,0.1249929,-0.25930035,-0.35693988,94,20,0.0,1,2516,24.718336,169.93907,0.099979,0.015000001,13.408839531355056,1,1.724450683221221,28,-0.03466825999999999,-0.01715548,-0.061292440000000004,0.004000699999999996
-8232161,2021,9.0,36.480583688093766,-118.80219632480672,0.0356199999999999,0.0528075,0.06356,0.1741375,0.180105,0.1079999999999999,0.46520263,-0.016845806,0.23441584,75,22,1.0,1,1166,17.00722,279.13562,0.10417274,0.009000001,21.355735884772457,1,4.10438691591844,24,,,,
-8232161,2022,7.0,37.5585620290372,-119.88017466575016,0.059325,0.0942224999999999,0.112895,0.25639,0.2048275,0.1662175,0.39637414,0.029459482,0.23034982,90,14,0.0,1,1290,4.669616,90.0,0.073530674,0.004,25.708121912966533,1,0.3596737285455068,52,,,,
-8230365,2020,8.0,36.12125757444596,-118.42490390547653,0.05147375,0.0758524999999999,0.0862612499999999,0.20607875,0.2203925,0.16518625,0.41814852,-0.033603653,0.10670007,85,2,0.0,1,1882,21.572786,294.16867,0.11307034,0.0050000004,21.572526324692603,1,2.0060938518770315,28,,,,
-8230365,2020,9.0,37.03753916424788,-119.34118549527844,0.1580775,0.19425375,0.20214625,0.21760125,0.2093375,0.21674875,0.063028574,-0.016046027,-0.032612864,53,20,0.0,1,1169,14.359744,198.47281,0.09675279,0.012,23.35737251705598,1,1.0810227337479592,28,-0.355119946,0.017557625999999996,-0.139312934,-0.01631755
-8230365,2021,9.0,36.480583688093766,-118.78423001912434,0.14428625,0.1789775,0.1785787499999999,0.223445,0.13339625,0.08703125,0.28237197,0.23984116,0.44040367,100,17,0.0,1,1703,29.420584,271.64487,0.10417274,0.009000001,21.355735884772457,1,7.425999227635287,24,,,,
-8230365,2021,10.0,36.62431413355289,-118.92796046458344,0.0731574999999999,0.100575,0.1109975,0.156785,0.168995,0.1754575,0.18056986,-0.033448104,-0.058215976,92,22,1.0,1,1247,21.571274,75.77835,0.18467844,0.066,11.762500771143152,1,4.87109673150668,25,-0.10180211000000003,-0.273289264,-0.498619646,0.0805057
-8230365,2022,7.0,37.57652833471958,-119.88017466575016,0.0368849999999999,0.0552412499999999,0.0419587499999999,0.2571187499999999,0.1683625,0.08221875,0.7621999,0.29739377,0.5817422,98,16,0.0,1,1191,10.109406,223.42038,0.073530674,0.004,25.708121912966533,1,0.3010238005469243,52,,,,
-8230365,2024,7.0,36.01345974035162,-118.31710607138218,0.03035375,0.0581562499999999,0.0526699999999999,0.2061475,0.14425875,0.1107775,0.5859061,0.17380571,0.29493627,89,24,0.0,1,2650,13.621579,262.32208,0.11612503,0.010000001,20.63410718774287,1,0.214930153705857,56,,,,
-8230365,2024,9.0,36.4266847710466,-118.73033110207716,0.02053625,0.0296662499999999,0.0367337499999999,0.0827824999999999,0.0998874999999999,0.0750549999999999,0.38596717,-0.067236856,0.09123097,100,24,0.0,1,1371,33.681583,302.30106,0.1069819,0.008,15.553720876905686,1,4.200400149294485,49,,,,
-8230364,2020,9.0,37.07347177561265,-119.37711810664322,0.1681012499999999,0.20869125,0.20748125,0.1989975,0.17076875,0.1754575,0.0040644156,0.021557469,0.0031264431,60,20,0.0,1,1131,10.749892,39.880905,0.10040657,0.012,22.784290377298987,1,1.1471910117349278,28,,,,
-8230364,2021,10.0,36.642280439235286,-118.94592677026584,0.0649624999999999,0.1230425,0.14166,0.2543,0.2696175,0.1864299999999999,0.28447318,-0.029236473,0.15399452,87,21,0.0,1,1484,9.322155,37.916264,0.18467844,0.066,11.762500771143152,1,1.8436046356335285,25,,,,
-8230364,2022,7.0,37.5585620290372,-119.86220836006775,0.0503324999999999,0.073405,0.0756874999999999,0.23674125,0.17973375,0.13394625,0.6115137,0.1335563,0.4019935,94,17,0.0,1,1196,10.664415,18.985033,0.073530674,0.004,25.708121912966533,1,0.4164670832041237,52,,,,
-8228569,2021,9.0,36.49854999377616,-118.78423001912434,0.0355649999999999,0.0512124999999999,0.0602599999999999,0.1845325,0.1780425,0.0982649999999999,0.5076647,0.017899744,0.30505043,60,21,0.0,1,1023,29.724106,44.861706,0.11038716,0.009000001,21.355735884772457,1,2.57871589730852,24,,,,
-8228568,2020,9.0,36.21108910285791,-118.49676912820608,0.0445024999999999,0.0621025,0.0617724999999999,0.079345,0.10864625,0.1305087499999999,0.12478423,-0.155453,-0.23333526,41,20,0.0,1,1899,8.2891,-0.0,0.09610006,0.008,20.16925674014624,1,2.0053526147234217,28,,,,
-8228568,2021,9.0,36.57041521650572,-118.8560952418539,0.2374975,0.29786,0.313865,0.3155699999999999,0.1745499999999999,0.085065,0.0027087785,0.28772545,0.57534915,76,21,0.0,1,1112,24.217829,229.62328,0.11754622,0.009000001,20.76942132314048,1,3.911892855181717,24,,,,
-8228568,2021,10.0,36.642280439235286,-118.92796046458344,0.0713424999999999,0.14111,0.1418525,0.22757,0.1906925,0.11075,0.23203108,0.088168316,0.3452944,89,21,0.0,1,1373,16.878756,221.67583,0.18467844,0.066,11.762500771143152,1,1.82967987023294,25,0.2293223015,-0.199557134,-0.23005474999999997,0.06713221999999999
-8228568,2022,7.0,37.540595723354805,-119.82627574870298,0.0256925,0.0472387499999999,0.0362799999999999,0.23201125,0.1345925,0.06893625,0.7435968,0.2701561,0.567183,97,22,0.0,1,1242,26.975746,222.98923,0.08668581,0.004,25.25800273033883,1,0.4210392489201492,52,,,,
-8228568,2022,9.0,37.21720222107178,-119.50288224641994,0.0464,0.060535,0.0636974999999999,0.18649875,0.1836525,0.14120625,0.44029406,-0.025279945,0.12865417,74,22,0.0,1,789,6.871631,57.499664,0.10859367,0.024,22.540112919277647,1,1.2548108355452616,53,,,,
-8226772,2020,9.0,37.00160655288309,-119.26932027254888,0.0519549999999999,0.0919674999999999,0.073625,0.1415225,0.1393775,0.10503,0.31558582,0.0076361694,0.14801107,76,16,0.0,1,908,8.367816,172.07933,0.10686065,0.011000001,23.35737251705598,1,4.3618291440204935,28,,,,
-8226772,2021,9.0,36.46261738241138,-118.73033110207716,0.0133175,0.0226399999999999,0.018295,0.1103925,0.0501674999999999,0.0246474999999999,0.7156678,0.37509343,0.63496,100,23,0.0,1,1880,24.63917,292.84424,0.10417274,0.009000001,16.78428406185577,1,3.6023184835910795,24,,,,
-8226772,2021,10.0,36.66024674491767,-118.92796046458344,0.1173225,0.149855,0.1426775,0.19633,0.0993375,0.0514324999999999,0.15826346,0.32804587,0.5848242,99,22,1.0,1,1605,17.043608,260.88525,0.1997049,0.066,8.330668508878318,1,0.7393739274702966,25,-0.5574043399999999,-0.04704755999999999,-0.05013579999999995,0.09553215999999999
-8226772,2022,7.0,37.57652833471958,-119.84424205438536,0.0464275,0.06763,0.0569875,0.31777,0.20766,0.1142425,0.6946318,0.20787552,0.4822857,100,16,0.0,1,1201,18.60722,256.08957,0.073530674,0.004,24.878889092066004,1,1.5339164857409502,52,,,,
-8226771,2020,9.0,37.01957285856548,-119.28728657823126,0.1816175,0.23088375,0.2427087499999999,0.2583425,0.22714375,0.22112125,0.07447414,0.025414422,0.036548827,41,20,0.0,1,1318,9.265743,7.138871,0.09675279,0.011000001,23.35737251705598,1,0.848845981378955,28,,,,
-8226771,2021,8.0,36.28295432558748,-118.55066804525326,0.04497,0.0688949999999999,0.09271,0.1738075,0.239395,0.2496249999999999,0.23376207,-0.19268665,-0.21362968,64,11,0.0,1,2394,15.315547,126.23475,0.106969446,0.003,17.451466968495367,1,10.493815117670843,28,,,,
-8226771,2021,9.0,36.57041521650572,-118.8381289361715,0.2002625,0.2798475,0.3067975,0.3138375,0.195175,0.1171849999999999,0.011343221,0.23312296,0.4562465,78,21,0.0,1,1260,30.387468,204.35995,0.11754622,0.009000001,18.23889831966824,1,2.529638876207173,24,-0.22241884899999997,0.42580960999999995,0.6698761799999999,0.010576774000000011
-8226771,2021,10.0,36.642280439235286,-118.90999415890109,0.0466474999999999,0.0621025,0.0713149999999999,0.16862375,0.1719375,0.1241424999999999,0.40560737,-0.009724077,0.15194488,92,22,1.0,1,1683,35.039772,78.0089,0.18467844,0.066,11.762500771143152,1,1.1187129052769806,25,0.394264149,-0.242847037,-0.30430162,0.06713221999999999
-8226771,2022,7.0,37.5585620290372,-119.82627574870298,0.0374487499999999,0.06334,0.05859625,0.24605,0.18842375,0.10091875,0.6316258,0.15454128,0.4249836,89,19,0.0,1,1242,21.038496,72.86631,0.08668581,0.004,24.878889092066004,1,0.2942083639403184,52,,,,
-8224975,2020,9.0,36.12125757444596,-118.37100498842936,0.0259262499999999,0.0533575,0.0693487499999999,0.16944875,0.18864375,0.13083875,0.4083243,-0.039088957,0.13937612,70,2,0.0,1,1805,25.198124,296.56726,0.10382284,0.008,19.45991971757678,1,1.4908943194206117,28,,,,
-8224975,2021,9.0,36.51651629945855,-118.76626371344194,0.04508,0.0650999999999999,0.0798674999999999,0.2051299999999999,0.2378275,0.1402025,0.4395214,-0.07381634,0.18801445,63,21,0.0,1,1083,27.460012,44.238827,0.11038716,0.010000001,21.355735884772457,1,1.9169198588095608,24,,,,
-8224975,2021,10.0,36.6063478278705,-118.8560952418539,0.0680425,0.0789325,0.0954599999999999,0.152275,0.2170375,0.2142325,0.2293378,-0.17623548,-0.165162,94,8,0.0,1,1788,25.04436,142.82834,0.20065793,0.053000003,11.762500771143152,1,2.13330677136158,25,-0.2101836,-0.10241914,-0.35317645,0.09027077000000001
-8224975,2022,7.0,37.57652833471958,-119.82627574870298,0.0436362499999999,0.0651412499999999,0.06940375,0.23987625,0.18886375,0.1228225,0.50743234,0.088036366,0.30008405,37,19,0.0,1,1176,25.285244,72.03626,0.08668581,0.004,24.878889092066004,1,2.801227674074471,52,,,,
-8224975,2024,7.0,36.01345974035162,-118.263207154335,0.0521475,0.0748625,0.0853399999999999,0.2036175,0.18918,0.1592875,0.40278327,0.03675558,0.12215318,71,2,0.0,1,2410,13.466315,221.95915,0.11612503,0.010000001,20.63410718774287,1,0.8482560905395076,56,,,,
-8224974,2020,9.0,37.127370692659824,-119.37711810664322,0.1505425,0.195065,0.1891662499999999,0.19444625,0.18281375,0.170315,0.042566217,0.008552801,0.04223823,44,20,0.0,1,936,11.791727,283.4518,0.10040657,0.016,22.784290377298987,1,1.3020153124989182,28,,,,
-8224974,2021,10.0,36.642280439235286,-118.89202785321868,0.0564374999999999,0.0702562499999999,0.08543625,0.12220375,0.1630825,0.16441625,0.17708015,-0.14328818,-0.14726621,98,16,0.0,1,1521,6.0039783,202.55956,0.18467844,0.053000003,11.762500771143152,1,1.0515356874093411,25,,,,
-8223179,2021,9.0,36.55244891082333,-118.78423001912434,0.0234375,0.0372975,0.03133,0.1730375,0.114215,0.05685,0.6933955,0.20477629,0.50541025,100,22,1.0,1,1767,27.481699,284.4163,0.11038716,0.010000001,18.23889831966824,1,1.9366679649489624,24,,,,
-8223178,2020,9.0,37.10940438697744,-119.34118549527844,0.1251325,0.13295625,0.1263149999999999,0.1324199999999999,0.1697924999999999,0.1958625,0.02230086,-0.13185598,-0.20109685,96,20,0.0,1,1524,24.286697,261.74976,0.10040657,0.016,20.56194337209069,1,0.7663408403319342,28,,,,
-8223178,2021,9.0,36.57041521650572,-118.80219632480672,0.142925,0.1939374999999999,0.21416375,0.28558125,0.15193125,0.13466125,0.35191107,0.30918172,0.4282868,100,23,0.0,1,1605,18.92935,241.8347,0.11754622,0.009000001,18.23889831966824,1,13.190986238109568,24,,,,
-8223178,2021,10.0,36.6063478278705,-118.8381289361715,0.2983,0.346755,0.3421625,0.29148,0.1445475,0.1069275,-0.079985954,0.3369799,0.46322545,96,23,0.0,1,2053,20.666553,189.22903,0.20065793,0.053000003,9.237874070034252,1,1.3670951454744984,25,-0.43189702399999996,0.027798180000000006,0.03493864999999996,0.08311171
-8221382,2020,8.0,36.21108910285791,-118.42490390547653,0.05245,0.07207125,0.07757125,0.2112899999999999,0.199685,0.150295,0.4948639,0.020738026,0.20867363,33,20,0.0,1,1934,15.713867,86.701584,0.124536105,0.0050000004,22.466361905169776,1,0.5690167500051083,28,,,,
-8221382,2020,9.0,37.145336998342216,-119.35915180096084,0.13341,0.16949,0.16392125,0.17037,0.19945125,0.22508125,0.027635617,-0.08690841,-0.1461381,45,20,0.0,1,1230,12.719836,261.75363,0.10040657,0.016,22.784290377298987,1,1.6343660132790154,28,-0.467228283,-0.10764643600000001,-0.35481173,-0.024129534999999994
-8221382,2021,10.0,36.69617935628246,-118.90999415890109,0.13430375,0.15094125,0.1433512499999999,0.1828275,0.133905,0.09981875,0.18106811,0.12414743,0.2575222,97,23,0.0,1,1776,16.337017,159.85625,0.1997049,0.066,8.330668508878318,1,3.740858817767156,25,,,,
-8221381,2020,8.0,36.193122797175526,-118.40693759979412,0.04237125,0.0649349999999999,0.0743125,0.1919025,0.18014625,0.12888625,0.47259453,0.049359385,0.22672011,73,20,0.0,1,2040,17.822996,290.63705,0.124536105,0.0050000004,22.466361905169776,1,0.7011024477958147,28,,,,
-8221381,2020,9.0,36.13922388012835,-118.35303868274696,0.04811875,0.0738862499999999,0.07594875,0.14453375,0.1809575,0.17252875,0.2667761,-0.15143222,-0.10002842,87,20,0.0,1,1949,26.723648,264.46475,0.10382284,0.008,19.45991971757678,1,0.6284009171994748,28,-0.20581843,-0.200791605,-0.32674853000000004,-0.020713264999999995
-8221381,2021,10.0,36.642280439235286,-118.8560952418539,0.2054875,0.2721475,0.2910675,0.29874,0.1546675,0.0927925,0.013008482,0.317755,0.5260036,95,23,0.0,1,1733,19.842075,160.39998,0.20065793,0.053000003,11.762500771143152,1,1.9128252689383527,25,,,,
-8219585,2020,9.0,37.145336998342216,-119.34118549527844,0.1257375,0.1414675,0.13097625,0.134785,0.15827,0.17456375,0.014985416,-0.09059894,-0.14008325,98,17,0.0,1,1681,11.453751,323.03043,0.10040657,0.016,20.56194337209069,1,1.1031785598024726,28,,,,
-8219585,2021,9.0,36.58838152218812,-118.78423001912434,0.0324575,0.054265,0.05201,0.2187974999999999,0.16597,0.0926549999999999,0.6158895,0.1372972,0.4050136,91,21,0.0,1,1768,34.988503,133.93582,0.11754622,0.010000001,18.23889831966824,1,1.2120003125816583,24,,,,
-8219585,2021,10.0,36.69617935628246,-118.89202785321868,0.14170125,0.171195,0.1660662499999999,0.1814525,0.08061,0.0502087499999999,0.1837609,0.3120449,0.45633677,100,23,0.0,1,1937,22.014837,319.52502,0.1997049,0.053000003,8.330668508878318,1,1.4937405208235277,25,-0.4321286,0.1747477,0.05132317000000003,0.08215867999999998
-8219585,2024,7.0,36.89380871878875,-119.08965721572496,0.0363349999999999,0.05851375,0.0521475,0.2854575,0.15129875,0.0780799999999999,0.6992776,0.306629,0.5793643,59,16,0.0,1,1252,19.074583,339.43805,0.13686112,0.0050000004,26.355692369194458,1,0.1251016701054242,56,,,,
-8219585,2025,8.0,36.89380871878875,-119.08965721572496,0.0354137499999999,0.05694625,0.0718512499999999,0.23443125,0.1681975,0.0923799999999999,0.51639634,0.16887832,0.4425181,59,16,0.0,1,1252,19.074583,339.43805,0.12247206,0.008,23.643352762858115,1,2.394052956874172,52,,,,
-8219584,2020,9.0,37.127370692659824,-119.32321918959605,0.107725,0.1021699999999999,0.095515,0.1174875,0.1846425,0.193965,0.10315607,-0.22227187,-0.2455511,89,16,0.0,1,1933,19.042433,90.0,0.10040657,0.016,20.56194337209069,1,0.7208891323319188,28,,,,
-8217789,2020,9.0,37.181269609707,-119.35915180096084,0.13792,0.1750725,0.16482875,0.18490375,0.142045,0.0920225,0.13739105,0.11335117,0.3204768,60,21,1.0,1,604,40.80893,306.86487,0.10040657,0.016,21.476789834764304,1,0.6812292544636875,28,,,,
-8217789,2021,9.0,36.6063478278705,-118.78423001912434,0.024565,0.0416425,0.04211,0.1942674999999999,0.10371,0.0570149999999999,0.6437055,0.3039072,0.54620796,96,22,1.0,1,2063,12.350784,163.96149,0.11754622,0.011000001,18.23889831966824,1,0.4794274903833866,24,,,,
-8217788,2020,8.0,36.229055408540304,-118.40693759979412,0.0322099999999999,0.05298625,0.05771625,0.18583875,0.1403675,0.09574875,0.5623998,0.13539721,0.34781727,70,20,0.0,1,2346,15.425396,184.17076,0.124536105,0.0050000004,22.466361905169776,1,0.312385829595419,28,,,,
-8217788,2020,9.0,37.145336998342216,-119.32321918959605,0.1177624999999999,0.13501875,0.1272775,0.1331075,0.20288875,0.2453075,0.039347246,-0.21742278,-0.30500534,73,20,0.0,1,1705,22.413376,110.68539,0.10040657,0.016,20.56194337209069,1,0.8582700872793794,28,-0.523052554,-0.35281998999999997,-0.6528226100000001,-0.024129534999999994
-8217788,2021,10.0,36.51651629945855,-118.6943984907124,0.0270124999999999,0.0583075,0.052065,0.1316225,0.0795512499999999,0.0624325,0.4303311,0.21077777,0.28450352,99,22,1.0,1,1824,23.287365,34.164463,0.17852402,0.05,7.863693122453583,1,0.7022663416340947,25,,,,
-8217788,2025,9.0,37.00160655288309,-119.17948874413692,0.0568362499999999,0.0914174999999999,0.0940437499999999,0.20613375,0.208595,0.1741512499999999,0.36790717,-0.0128724845,0.095611125,85,16,0.0,1,1572,10.063739,34.824257,0.17292279,0.028,18.78905932108563,1,1.2390162980272657,51,,,,
-8215992,2020,8.0,36.229055408540304,-118.38897129411174,0.0405424999999999,0.06505875,0.0690875,0.26058375,0.21468625,0.1350875,0.58787364,0.10726592,0.3241302,83,10,0.0,1,2385,24.249712,20.878857,0.1260086,0.006,22.466361905169776,1,0.2615692366659641,28,,,,
-8215992,2020,9.0,37.145336998342216,-119.30525288391364,0.1198662499999999,0.144355,0.14090375,0.17035625,0.19758125,0.1987775,0.11295444,-0.08279565,-0.085846685,56,16,0.0,1,1626,18.458536,194.08516,0.10040657,0.016,20.56194337209069,1,0.7864716749776293,28,-0.4749192,-0.19006157,-0.40997688499999996,-0.025602029999999998
-8215992,2020,11.0,37.25313483243656,-119.413050718008,0.09304,0.1241424999999999,0.1351425,0.212555,0.0819575,0.052725,0.22264324,0.44343618,0.6024955,94,21,1.0,1,1921,4.7414684,101.25441,0.21165994,0.081,5.314200655619345,1,0.167389184443487,14,,,,
-8215992,2021,10.0,36.51651629945855,-118.67643218503,0.0217325,0.0378612499999999,0.0354962499999999,0.09478625,0.05641,0.04223375,0.45797652,0.28956234,0.4548334,99,22,1.0,1,1767,12.247394,291.89233,0.17852402,0.05,7.863693122453583,1,0.7509634099900723,25,,,,
-8215992,2025,8.0,36.89380871878875,-119.05372460436018,0.02572,0.0488612499999999,0.0559699999999999,0.23594375,0.1534025,0.080665,0.62333083,0.20767619,0.49045298,85,15,0.0,1,1228,31.491745,262.4077,0.12247206,0.008,23.643352762858115,1,0.4829050492802101,52,,,,
-8215991,2020,9.0,37.16330330402461,-119.32321918959605,0.10757375,0.13787875,0.129505,0.1355549999999999,0.1524675,0.16861,0.029683838,-0.0706605,-0.120688245,95,20,0.0,1,1490,26.101385,264.31128,0.10040657,0.016,18.91290637122262,1,0.5771896035596729,28,,,,
-8214195,2020,9.0,36.193122797175526,-118.33507237706458,0.05531,0.06893625,0.07588,0.09959875,0.16821125,0.1982275,0.13583933,-0.2568039,-0.33127597,89,20,0.0,1,2475,32.421875,258.23544,0.11058148,0.008,17.357282998826804,1,0.3525041046690333,28,,,,
-8214195,2021,2.0,37.82805661427305,-119.9700061941621,0.0123,0.0238224999999999,0.0332274999999999,0.11119,0.09832,0.0639724999999999,0.5398411,0.06142905,0.26956397,100,14,0.0,1,1180,11.228963,348.08484,0.30198961,0.095000006,5.051909087953163,1,0.1638868098859401,27,,,,
-8214195,2021,10.0,36.62431413355289,-118.76626371344194,0.3057249999999999,0.3406775,0.3254975,0.2689025,0.085285,0.0881175,-0.04368295,0.24053976,0.24377453,96,22,1.0,1,2480,6.9612665,82.38131,0.20065793,0.048,9.237874070034252,1,1.504615687886658,25,,,,
-8214195,2025,8.0,36.89380871878875,-119.0357582986778,0.05012625,0.08056875,0.0916512499999999,0.27796375,0.23099375,0.1511337499999999,0.52498114,0.118127406,0.31626037,49,16,0.0,1,1646,22.132263,185.71237,0.15125887,0.008,21.605579220351387,1,1.290693701654673,52,,,,
-8214195,2025,9.0,36.96567394151831,-119.10762352140736,0.0280024999999999,0.0584175,0.0418075,0.1089899999999999,0.1396525,0.0739549999999999,0.52469075,-0.086573094,0.020398702,98,15,0.0,1,1456,24.197178,244.38702,0.19782613,0.029000001,16.426361295912045,1,3.1815142141316426,51,-0.0002903899999999737,-0.2047005,-0.295861668,0.04656726
-8212399,2020,9.0,37.181269609707,-119.30525288391364,0.108,0.136215,0.12516,0.12154375,0.1208424999999999,0.1220525,0.018130967,-0.043845806,-0.05336094,99,21,1.0,1,1638,26.032503,311.517,0.10040657,0.016,18.91290637122262,1,1.7365983937365503,28,,,,
-8212399,2025,8.0,36.89380871878875,-119.0177919929954,0.0437599999999999,0.0800325,0.0840199999999999,0.3123525,0.2336475,0.13528,0.57605535,0.14414835,0.4082937,84,15,0.0,1,1755,20.155794,138.5674,0.15125887,0.008,21.605579220351387,1,5.525123358797282,52,,,,
-8212398,2020,9.0,37.127370692659824,-119.25135396686647,0.1239774999999999,0.154915,0.150405,0.1888912499999999,0.12069125,0.09126625,0.22751366,0.19311522,0.31715503,100,5,0.0,1,1812,15.040204,294.94266,0.13372609,0.014,20.56194337209069,1,1.4216438738540524,28,,,,
-8212398,2021,2.0,37.82805661427305,-119.95203988847972,0.0221174999999999,0.03914,0.04552,0.1442175,0.142815,0.0958725,0.5201792,0.0048862062,0.20136198,91,14,0.0,1,1329,16.600487,254.24672,0.30198961,0.095000006,5.051909087953163,1,0.1413173518247074,27,,,,
-8210602,2020,8.0,36.21108910285791,-118.31710607138218,0.0520375,0.085285,0.0981274999999999,0.2595525,0.2228125,0.1686099999999999,0.45099252,0.061103303,0.19824108,47,2,0.0,1,2453,28.213852,228.40997,0.12962545,0.006,19.319995662730264,1,0.5107286984899214,28,,,,
-8210602,2020,9.0,36.318886936952254,-118.42490390547653,0.06514125,0.08494125,0.08532625,0.185825,0.1805725,0.147765,0.36553934,0.057393808,0.11551421,99,11,0.0,1,2607,19.033298,98.09254,0.10340137,0.009000001,19.36357368893096,1,4.00396857065735,28,-0.08545318000000002,-0.003709495,-0.08272686999999998,-0.026224079999999997
-8210602,2021,2.0,37.917888142685,-120.02390511120927,0.0387825,0.0653475,0.0865225,0.1806275,0.25936,0.205735,0.35225528,-0.17894259,-0.06498431,100,13,0.0,1,1247,5.968294,231.73042,0.32038975,0.102000006,3.664478261130228,1,0.1165576544072893,27,,,,
-8210602,2025,8.0,36.91177502447114,-119.0177919929954,0.03483625,0.0574549999999999,0.0573174999999999,0.19100875,0.15937,0.103765,0.51035196,0.094874285,0.29765278,96,16,0.0,1,1452,26.384695,348.22546,0.15125887,0.009000001,21.605579220351387,1,1.0889747759792954,52,,,,
-8210601,2020,9.0,37.127370692659824,-119.2333876611841,0.1288862499999999,0.16040125,0.15930125,0.1929475,0.13114125,0.10947125,0.18102002,0.17199245,0.25540277,99,21,1.0,1,1983,6.9455404,270.0,0.13372609,0.014,17.92018176184763,1,0.8015642289072276,28,,,,
-8210601,2025,9.0,37.01957285856548,-119.12558982708975,0.0512949999999999,0.0958999999999999,0.0643024999999999,0.2316949999999999,0.14738,0.0866049999999999,0.56552,0.222423,0.45582783,98,16,0.0,1,1769,18.056131,95.69947,0.17292279,0.028,16.426361295912045,1,1.6128195186978893,51,,,,
-8208806,2020,9.0,37.181269609707,-119.26932027254888,0.14386,0.17153875,0.16601125,0.1593425,0.12945,0.12514625,0.012065562,0.029551016,0.034462783,100,21,1.0,1,1774,28.781755,335.9933,0.13372609,0.014,18.91290637122262,1,0.690510879456997,28,,,,
-8208806,2022,7.0,37.52262941767241,-119.6106800805143,0.0268749999999999,0.0416425,0.04035,0.14227875,0.0906199999999999,0.0558462499999999,0.523919,0.21410441,0.38137877,100,23,1.0,1,1611,24.569496,324.5241,0.11105084,0.006,20.2769590685445,1,1.3766501090592809,52,,,,
-8208805,2020,9.0,36.229055408540304,-118.31710607138218,0.0595725,0.0727449999999999,0.08293375,0.10745,0.170205,0.192205,0.1311943,-0.22892982,-0.2856689,85,2,0.0,1,1994,26.76493,323.35782,0.11449808,0.008,17.357282998826804,1,0.3394194142548022,28,,,,
-8208805,2021,2.0,37.846022919955445,-119.93407358279732,0.0315225,0.0494799999999999,0.0656775,0.1302749999999999,0.2025725,0.1638525,0.329659,-0.21720909,-0.11415967,100,13,0.0,1,1229,11.724562,261.02527,0.2729915,0.095000006,2.8713380314055144,1,0.0998997574582544,27,,,,
-8207009,2020,9.0,37.145336998342216,-119.2154213555017,0.09500625,0.11180875,0.108055,0.1226025,0.11029625,0.1062124999999999,0.09690752,0.018396989,0.029992634,96,21,1.0,1,2301,15.198961,333.35184,0.13372609,0.014,17.92018176184763,1,0.5063120791316033,28,,,,
-8207009,2021,2.0,37.86398922563783,-119.93407358279732,0.037215,0.0600125,0.07687,0.2084849999999999,0.2458024999999999,0.17092,0.4612325,-0.08214512,0.09901029,40,14,0.0,1,1283,2.9909172,51.710033,0.2729915,0.095000006,2.235156972067728,1,0.111050164559856,27,,,,
-8207009,2022,7.0,37.52262941767241,-119.5927137748319,0.0430724999999999,0.0639724999999999,0.0652924999999999,0.149635,0.1385525,0.1032699999999999,0.34194273,0.021913774,0.08744643,100,23,1.0,1,1788,12.361953,343.77673,0.12634331,0.007,20.2769590685445,1,0.7738975423442966,52,,,,
-8207008,2020,9.0,36.2470217142227,-118.31710607138218,0.0405699999999999,0.0542099999999999,0.06211625,0.0947312499999999,0.13284625,0.1360775,0.20922656,-0.1680533,-0.17975639,88,20,0.0,1,2532,34.34189,267.28394,0.11449808,0.008,17.357282998826804,1,2.78518853496228,28,,,,
-8207008,2025,9.0,36.92974133015353,-118.99982568731302,0.0373525,0.0384249999999999,0.0440075,0.0774199999999999,0.1351425,0.1226849999999999,0.23535898,-0.27155542,-0.22620624,86,16,0.0,1,1420,19.074306,264.62747,0.19913723,0.032,17.539631695217565,1,1.5050532234211762,51,,,,
-8205212,2020,9.0,37.181269609707,-119.2333876611841,0.14315875,0.15982375,0.15894375,0.16169375,0.17862,0.1750725,0.04266603,-0.08392307,-0.07464076,75,20,0.0,1,2327,11.520321,265.4447,0.13372609,0.014,15.88660700056289,1,1.116228318056808,28,,,,
-8205212,2020,11.0,37.235168526754165,-119.28728657823126,0.0070199999999999,0.0241524999999999,0.0263525,0.0444199999999999,0.0760175,0.0835799999999999,0.25528982,-0.26235598,-0.3059375,89,17,0.0,1,1844,23.136292,272.17117,0.21165994,0.080000006,4.156740803188768,1,0.1544301563229125,14,,,,
-8205212,2021,2.0,37.935854448367394,-119.98797249984447,0.0531375,0.079455,0.0943875,0.2472599999999999,0.28631,0.1968524999999999,0.4474568,-0.07318627,0.113501646,31,13,0.0,1,1297,15.020493,147.62715,0.22239345,0.091000006,3.664478261130228,1,0.1134708841434783,27,,,,
-8205212,2022,1.0,37.917888142685,-119.9700061941621,0.0317149999999999,0.049425,0.05762,0.1776849999999999,0.18478,0.1278,0.5015823,-0.019574303,0.18102774,37,14,0.0,1,1099,9.825451,200.82086,0.32147902,0.083000004,3.740285656016397,1,0.2171434909881403,53,,,,
-8205212,2022,7.0,37.52262941767241,-119.57474746914951,0.0385899999999999,0.0492874999999999,0.0532199999999999,0.1106674999999999,0.1067624999999999,0.103325,0.30619237,-0.047921456,0.012580918,100,22,0.0,1,1893,13.8324375,350.457,0.12634331,0.007,20.2769590685445,1,9.949028866365552,52,,,,
-8205211,2020,9.0,37.27110113811895,-119.32321918959605,0.1372324999999999,0.15464,0.1385799999999999,0.1468025,0.2464075,0.29236,0.028812207,-0.25331247,-0.33144337,51,14,0.0,1,919,19.88591,237.51822,0.10832068,0.022000002,19.23357423146569,1,1.2870513517409563,28,,,,
-8205211,2025,8.0,36.92974133015353,-118.98185938163064,0.0533575,0.0712599999999999,0.0837175,0.20656,0.2132425,0.1504049999999999,0.4232098,-0.021982288,0.16249248,85,16,0.0,1,2115,18.863827,216.34827,0.15125887,0.012,21.605579220351387,1,1.3987364773811013,52,,,,
-8203416,2020,9.0,37.235168526754165,-119.26932027254888,0.0691149999999999,0.0928199999999999,0.07946875,0.1013999999999999,0.13367125,0.1411649999999999,0.115538575,-0.14186482,-0.16891514,98,20,0.0,1,2356,8.00338,313.69318,0.12880318,0.019000001,18.91290637122262,1,0.4952410496413134,28,,,,
-8203415,2020,9.0,37.19923591538939,-119.2333876611841,0.1588475,0.1937999999999999,0.18885,0.18880875,0.1328049999999999,0.10784875,0.108121976,0.0593457,0.13352083,99,21,1.0,1,1657,34.554478,289.2127,0.13372609,0.014,15.88660700056289,1,2.8721454238984734,28,,,,
-8203415,2022,1.0,37.917888142685,-119.95203988847972,0.041945,0.06928,0.0841299999999999,0.2467099999999999,0.1919024999999999,0.12164,0.4914158,0.12495654,0.3395412,60,13,0.0,1,1370,25.783909,219.58046,0.32147902,0.083000004,3.740285656016397,1,0.22338815460292,53,,,,
-8201619,2020,9.0,37.235168526754165,-119.25135396686647,0.0931362499999999,0.11733625,0.11010375,0.1352662499999999,0.19692125,0.22766625,0.102724545,-0.18770336,-0.25651458,99,20,0.0,1,2311,9.6343,106.62353,0.12880318,0.019000001,18.91290637122262,1,0.35070126511467,28,,,,
-8201619,2021,2.0,37.86398922563783,-119.88017466575016,0.0337774999999999,0.0562449999999999,0.0660075,0.18555,0.1853575,0.1357475,0.47520944,0.0005189973,0.15500432,95,14,0.0,1,1341,4.7788615,281.1648,0.2729915,0.098000005,2.235156972067728,1,0.1046831500442589,27,,,,
-8201618,2020,9.0,37.21720222107178,-119.2333876611841,0.16366,0.18388625,0.1827724999999999,0.200675,0.20024875,0.20555625,0.091408916,-0.030041328,-0.042874835,41,21,1.0,1,2045,26.782621,104.86628,0.12880318,0.019000001,15.88660700056289,1,2.3321163591674785,28,,,,
-8201618,2022,1.0,37.935854448367394,-119.95203988847972,0.5623,0.58530375,0.6000987500000001,0.64913125,0.154475,0.105195,0.21466875,0.50361246,0.604736,75,13,0.0,1,1437,15.173833,100.31535,0.26059344,0.083000004,3.740285656016397,1,0.3289201341738755,53,,,,
-8199822,2020,9.0,37.27110113811895,-119.26932027254888,0.1261225,0.13072875,0.1221212499999999,0.11868375,0.13886875,0.152055,-0.0025502946,-0.107129455,-0.15259288,93,20,0.0,1,2457,14.220068,320.0453,0.12880318,0.019000001,19.23357423146569,1,0.5069261689742024,28,,,,
-8199822,2020,11.0,37.27110113811895,-119.26932027254888,0.0414225,0.12296,0.1412749999999999,0.1541725,0.006635,0.0211824999999999,0.043654118,0.917479,0.7584044,93,20,0.0,1,2457,14.220068,320.0453,0.22822054,0.080000006,4.079730712042931,1,0.1986330663068936,14,,,,
-8199822,2021,8.0,38.60060775861584,-120.59882689304575,0.0290887499999999,0.0629962499999999,0.0480637499999999,0.28233625,0.1766262499999999,0.0830162499999999,0.7056916,0.22814198,0.54263186,64,22,1.0,1,961,35.572388,72.88801,0.15559267,0.004,24.183951847527624,1,2.395599679090082,28,,,,
-8199822,2021,10.0,37.27110113811895,-119.26932027254888,0.1006024999999999,0.0966974999999999,0.0871549999999999,0.1368475,0.1480675,0.1273325,0.22183904,-0.039380167,0.03601711,93,20,0.0,1,2457,14.220068,320.0453,0.26712257,0.09,8.800767845235896,1,0.4394370214641094,25,,,,
-8198026,2020,9.0,37.37889897221329,-119.35915180096084,0.23126875,0.26091375,0.264035,0.2495562499999999,0.21622625,0.22471,-0.014827935,-0.009505009,-0.027284853,32,20,0.0,1,1347,8.149252,205.2633,0.13234802,0.020000001,18.83216635386151,1,0.8374004852026701,28,,,,
-8198025,2020,9.0,37.19923591538939,-119.17948874413692,0.142155,0.16848625,0.1696137499999999,0.1969625,0.1740275,0.15355375,0.12145276,0.04543092,0.11216673,96,22,0.0,1,2322,6.010429,202.7082,0.1348195,0.013,15.88660700056289,1,2.9286741601193653,28,,,,
-8198025,2021,8.0,38.61857406429823,-120.59882689304575,0.0314949999999999,0.07218125,0.0562587499999999,0.260845,0.18841,0.0982374999999999,0.64479786,0.16045679,0.4516923,34,21,0.0,1,963,8.437657,236.93193,0.15559267,0.004,24.183951847527624,1,3.81474749012185,28,,,,
-8198025,2025,4.0,37.25313483243656,-119.2333876611841,0.1886025,0.1746599999999999,0.2015549999999999,0.3034699999999999,0.2134349999999999,0.1936075,0.2018019,0.17418094,0.22101684,71,20,0.0,1,2491,12.148744,121.76113,0.24127425,0.07700001,4.097212664286303,1,0.2672316794368354,51,,,,
-8196229,2020,9.0,37.235168526754165,-119.19745504981933,0.08787,0.1121525,0.0918575,0.0931362499999999,0.09233875,0.08763625,0.28791678,-0.12558554,-0.10709694,100,23,0.0,1,2282,18.899498,353.1786,0.13923958,0.014,15.88660700056289,1,1.0893584370302658,28,,,,
-8196229,2020,11.0,37.25313483243656,-119.2154213555017,-0.0061799999999999,0.0180474999999999,0.0287175,0.060645,0.1255175,0.14133,0.35728073,-0.34847245,-0.39948013,89,20,0.0,1,2365,19.631886,176.73163,0.22822054,0.080000006,2.6894909116957137,1,0.1927859435001244,14,,,,
-8196229,2021,8.0,38.60060775861584,-120.56289428168098,0.01492625,0.0507725,0.0281674999999999,0.1751275,0.09187125,0.054485,0.7053045,0.2967596,0.5082524,97,22,1.0,1,1090,8.300559,276.3704,0.15559267,0.004,24.183951847527624,1,1.5857634825259448,28,,,,
-8196229,2025,4.0,37.25313483243656,-119.2154213555017,0.073405,0.0916374999999999,0.1012899999999999,0.1918475,0.2460224999999999,0.2253975,0.308925,-0.13082598,-0.08757645,89,20,0.0,1,2365,19.631886,176.73163,0.24127425,0.07700001,4.097212664286303,1,0.3148413541388105,51,,,,
-8194432,2020,9.0,37.25313483243656,-119.19745504981933,0.118505,0.14005125,0.129175,0.1651175,0.1006712499999999,0.0701875,0.20186085,0.23228157,0.39423367,98,23,0.0,1,2208,11.051592,185.97676,0.13923958,0.014,17.82796984778514,1,0.7740572491741698,28,,,,
-8194432,2021,8.0,38.58264145293345,-120.5269616703162,0.03354375,0.0580325,0.0465374999999999,0.17189625,0.12511875,0.0784237499999999,0.5393796,0.1321129,0.3461358,90,21,0.0,1,1081,34.531223,228.79732,0.17086446,0.003,23.1137994827763,1,1.134102249231476,28,,,,
-8192636,2021,8.0,38.60060775861584,-120.5269616703162,0.0321962499999999,0.0539487499999999,0.0431,0.13600875,0.09778375,0.07017375,0.5014942,0.14398189,0.3075048,58,21,0.0,1,1229,9.26882,352.70825,0.17086446,0.004,23.1137994827763,1,1.0226241702643724,28,,,,
-8192636,2023,2.0,38.60060775861584,-120.5269616703162,0.0280024999999999,0.033805,0.0381499999999999,0.0878975,0.11185,0.0807474999999999,0.39467263,-0.11991389,0.04239675,58,21,0.0,1,1229,9.26882,352.70825,0.48754796,0.22600001,2.2222494897388287,1,1.477061666646286,42,,,,
-8192635,2020,9.0,37.450764194942856,-119.37711810664322,0.1204299999999999,0.1202375,0.1099525,0.12538,0.2074125,0.2455275,0.06555618,-0.24649744,-0.32392848,75,16,0.0,1,1640,3.883614,162.52022,0.14305186,0.026,16.44934842851427,1,2.427123502207299,28,,,,
-8192635,2021,8.0,38.56467514725106,-120.49102905895144,0.02130625,0.0467162499999999,0.03469875,0.17800125,0.0979624999999999,0.0551312499999999,0.6726073,0.2893346,0.5260098,100,22,1.0,1,1291,6.5764294,327.40253,0.17086446,0.004,23.1137994827763,1,0.7439782881626377,28,,,,
-8192635,2024,11.0,36.82194349605919,-118.74829740775957,0.04508,0.0496999999999999,0.06477,0.0983749999999999,0.1834325,0.2005374999999999,0.17609143,-0.30182838,-0.33907035,89,15,0.0,1,2001,27.77885,273.52365,0.17468037,0.087000005,1.6868620554606082,1,1.5368223228802285,47,,,,
-8190839,2020,9.0,37.43279788926046,-119.34118549527844,0.1887125,0.21078125,0.21056125,0.19848875,0.19452875,0.2203925,-0.016133258,-0.04722421,-0.10430599,87,17,0.0,1,1801,9.266519,187.17772,0.13234802,0.026,19.69589248233376,1,2.135823874101043,28,,,,
-8190839,2021,8.0,38.60060775861584,-120.50899536463382,0.0420412499999999,0.0664062499999999,0.054045,0.18572875,0.1202237499999999,0.1019362499999999,0.47192997,0.15347141,0.24852458,33,21,0.0,1,1200,17.420925,191.4221,0.17086446,0.004,23.1137994827763,1,0.813103290203099,28,,,,
-8190839,2023,2.0,38.60060775861584,-120.50899536463382,0.0595724999999999,0.0753025,0.0987325,0.1630275,0.22977,0.1800775,0.24562576,-0.1699158,-0.04969324,33,21,0.0,1,1200,17.420925,191.4221,0.48754796,0.22600001,2.2222494897388287,1,1.32676288321176,42,,,,
-8190839,2024,10.0,36.82194349605919,-118.73033110207716,0.0249224999999999,0.0355649999999999,0.0386725,0.0727999999999999,0.0959275,0.0791525,0.25717118,-0.13847429,-0.13819382,100,16,0.0,1,1969,28.759783,302.0663,0.14588101,0.015000001,12.00655769840364,1,4.401202834139649,50,,,,
-8190838,2020,9.0,37.41483158357807,-119.32321918959605,0.18922125,0.21749125,0.2220012499999999,0.21338,0.18396875,0.19147625,0.12025577,-0.09142309,-0.10931142,53,20,0.0,1,1558,2.9798439,128.45856,0.13234802,0.026,19.69589248233376,1,1.3411958461254836,28,,,,
-8190838,2021,8.0,38.58264145293345,-120.49102905895144,0.0217325,0.0456299999999999,0.0289237499999999,0.17318875,0.08755375,0.0467987499999999,0.6878321,0.30750677,0.5493798,97,22,1.0,1,1353,2.5461173,111.34832,0.17086446,0.004,23.1137994827763,1,0.925555525849072,28,,,,
-8189042,2020,9.0,37.46873050062524,-119.35915180096084,0.1685825,0.19683875,0.19523,0.18971625,0.1134175,0.085945,0.018155634,0.10961795,0.20009072,99,21,1.0,1,2043,22.193747,315.57993,0.14305186,0.026,16.44934842851427,1,1.7690333839661132,28,,,,
-8189042,2021,8.0,38.58264145293345,-120.47306275326903,0.0504837499999999,0.05927,0.04739,0.16892625,0.1081649999999999,0.08886,0.4936753,0.16901824,0.27925998,85,21,0.0,1,1303,15.585568,158.21024,0.17086446,0.004,23.1137994827763,1,1.3362034251913428,28,,,,
-8189042,2023,2.0,38.60060775861584,-120.49102905895144,0.150735,0.174605,0.18852,0.179225,0.0369124999999999,0.041835,-0.025275666,0.65843505,0.6215055,100,21,0.0,1,1379,13.113985,257.96802,0.48754796,0.21000001,2.2222494897388287,1,1.031681291200221,42,,,,
-8187246,2020,9.0,37.37889897221329,-119.25135396686647,0.17492125,0.2128712499999999,0.215635,0.2207087499999999,0.1443275,0.1125787499999999,0.056187257,0.1577023,0.26505503,45,21,1.0,1,1605,11.522591,315.61423,0.1402074,0.020000001,19.69589248233376,1,2.272657038271427,28,,,,
-8187246,2021,8.0,38.60060775861584,-120.47306275326903,0.0596137499999999,0.0634499999999999,0.05169375,0.1443275,0.1069962499999999,0.09227,0.40939817,0.1003387,0.20424451,98,21,0.0,1,1338,14.994748,218.2178,0.17086446,0.004,23.1137994827763,1,0.5576090219244361,28,,,,
-8187246,2024,10.0,36.83990980174158,-118.71236479639477,0.0667774999999999,0.091335,0.1018675,0.19061,0.2415125,0.20568,0.26408926,-0.096816994,-0.098754704,79,16,0.0,1,2228,4.366015,211.99532,0.16386655,0.015000001,12.00655769840364,1,15.78615369796753,50,,,,
-8187246,2024,11.0,36.8039771903768,-118.67643218503,0.0474999999999999,0.0635875,0.077695,0.119055,0.228505,0.2245174999999999,0.21211217,-0.31518057,-0.3398647,45,15,0.0,1,1821,5.7753787,143.15384,0.15934347,0.09200001,1.6868620554606082,1,1.6857784055173397,47,-0.051977090000000004,-0.218363576,-0.24110999600000002,-0.004523080000000013
-8187245,2020,9.0,37.3609326665309,-119.2333876611841,0.13793375,0.1717725,0.17728625,0.21325625,0.17426125,0.1440525,0.13991351,0.05551238,0.14526393,73,20,0.0,1,1717,11.757034,231.5214,0.13334306,0.020000001,20.303585624694847,1,9.526855547291538,28,,,,
-8187245,2021,8.0,38.58264145293345,-120.45509644758664,0.0383287499999999,0.0629412499999999,0.05422375,0.16306875,0.10993875,0.09500625,0.4779069,0.17494665,0.2797051,98,21,0.0,1,1437,13.866736,49.02347,0.17086446,0.004,23.1137994827763,1,1.4050337728802804,28,,,,
-8187245,2023,2.0,38.63654036998062,-120.50899536463382,0.0577575,0.0672174999999999,0.0863025,0.152495,0.227185,0.1895375,0.27719092,-0.19671829,-0.10830111,91,21,0.0,1,1220,17.28021,152.20432,0.48754796,0.22600001,2.2222494897388287,1,1.1059242592138403,42,,,,
-8185449,2020,9.0,37.450764194942856,-119.30525288391364,0.1435025,0.1916,0.200675,0.2287112499999999,0.174,0.180875,0.14440571,0.097704135,0.1006279,45,21,1.0,1,2108,23.547068,79.29635,0.14305186,0.026,18.12368382347956,1,1.195945066710313,28,,,,
-8185449,2021,8.0,38.60060775861584,-120.45509644758664,0.0494112499999999,0.0548149999999999,0.041505,0.1316224999999999,0.0694449999999999,0.0458775,0.47198665,0.26136276,0.42877632,100,21,0.0,1,1325,27.16287,336.1915,0.17086446,0.004,23.1137994827763,1,1.1898428672510717,28,,,,
-8185449,2024,8.0,38.83416973248691,-120.68865842145772,0.0151049999999999,0.0286899999999999,0.0336812499999999,0.070325,0.09588625,0.08752625,0.3098793,-0.1897849,-0.14257006,100,24,0.0,1,989,8.476251,77.45268,0.16780253,0.009000001,23.466510350217103,1,1.7634647717842689,56,,,,
-8185448,2020,9.0,37.46873050062524,-119.32321918959605,0.0668599999999999,0.066145,0.0659799999999999,0.077145,0.134345,0.16476,0.07800873,-0.27046195,-0.36218762,46,21,1.0,1,2076,7.882452,117.88432,0.14305186,0.026,18.12368382347956,1,1.3409644282924442,28,,,,
-8185448,2021,8.0,38.63654036998062,-120.49102905895144,0.0246887499999999,0.0489712499999999,0.0307112499999999,0.1756775,0.0879387499999999,0.0451212499999999,0.6788021,0.3148641,0.5700813,100,22,1.0,1,1328,2.5477748,111.33373,0.17086446,0.004,23.1137994827763,1,0.3364026307314634,28,,,,
-8183653,2021,8.0,38.60060775861584,-120.43713014190423,0.032705,0.059875,0.04613875,0.16014,0.099475,0.06390375,0.54265994,0.22214481,0.420249,100,21,0.0,1,1457,10.163242,353.36493,0.17086446,0.004,22.161372777467136,1,2.1081075476109983,28,,,,
-8183652,2020,9.0,37.39686527789568,-119.2333876611841,0.07456,0.1001349999999999,0.0864674999999999,0.0964499999999999,0.1148474999999999,0.1234549999999999,0.05457378,-0.087069176,-0.122803025,98,16,0.0,1,2032,13.678521,329.8453,0.1402074,0.020000001,20.303585624694847,1,1.3613354834643276,28,,,,
-8183652,2021,8.0,38.58264145293345,-120.41916383622186,0.02105875,0.0477475,0.0314949999999999,0.1834599999999999,0.0968899999999999,0.0536187499999999,0.7069569,0.30865464,0.54769903,100,21,0.0,1,1445,5.082218,291.34833,0.17086446,0.004,22.161372777467136,1,1.0145646002143622,28,,,,
-8183652,2022,9.0,37.64839355744915,-119.48491594073757,0.02495,0.045465,0.0434849999999999,0.12384,0.1400925,0.13726,0.36527044,-0.23098744,-0.24431148,95,1,0.0,1,2447,7.428776,308.3712,0.20277943,0.037,13.830331018235997,1,37.92170841515892,53,,,,
-8183652,2023,10.0,38.07958489382652,-119.91610727711492,0.0213474999999999,0.03560625,0.028855,0.09118375,0.061305,0.04360875,0.5204042,0.20170856,0.3439345,100,24,1.0,1,2019,28.659428,281.96542,0.15047121,0.026,9.081300805204704,1,1.8568912443837948,53,,,,
-8181856,2020,9.0,37.37889897221329,-119.19745504981933,0.1153975,0.1751825,0.163935,0.19208125,0.1617762499999999,0.1375074999999999,0.08250525,0.03308455,0.112350255,78,20,0.0,1,2149,33.60885,258.76398,0.14485113,0.017,20.303585624694847,1,1.5448348474545548,28,,,,
-8181856,2021,8.0,38.61857406429823,-120.43713014190423,0.0430312499999999,0.0720575,0.0605212499999999,0.166465,0.11516375,0.097275,0.4265129,0.14634562,0.25271687,98,21,0.0,1,1541,5.0844254,291.33853,0.17086446,0.004,22.161372777467136,1,1.2421391914012256,28,,,,
-8181855,2020,9.0,37.46873050062524,-119.28728657823126,0.0844599999999999,0.0843499999999999,0.08743,0.1111075,0.181095,0.19754,0.11925959,-0.23951712,-0.2800363,73,20,0.0,1,2141,6.107103,107.613266,0.14305186,0.020000001,18.12368382347956,1,1.0266537487041203,28,,,,
-8181855,2021,8.0,38.58264145293345,-120.40119753053948,0.0185287499999999,0.0397862499999999,0.0247712499999999,0.1637975,0.06522375,0.0337912499999999,0.73530376,0.4297324,0.65748715,100,21,0.0,1,1547,17.277557,332.22208,0.17086446,0.004,22.161372777467136,1,1.291470364081087,28,,,,
-8181855,2022,9.0,39.01383278931082,-120.83238886691684,0.0404049999999999,0.0517349999999999,0.0603974999999999,0.1667675,0.15552,0.0996675,0.43313602,0.08393262,0.22557883,36,23,1.0,1,859,23.703947,185.44579,0.296006,0.019000001,22.25285163455544,1,4.633154874498194,53,,,,
-8180059,2020,9.0,37.43279788926046,-119.2333876611841,0.0418625,0.0789325,0.05674,0.08589,0.0995575,0.0853674999999999,0.20437495,-0.0737001,0.0030509613,98,16,0.0,1,1528,16.524698,310.90082,0.1402074,0.020000001,20.303585624694847,1,3.402840218547246,28,,,,
-8180059,2021,8.0,38.60060775861584,-120.40119753053948,0.0208249999999999,0.0490949999999999,0.0260499999999999,0.20011125,0.07482125,0.03739375,0.76506644,0.45341185,0.6814675,100,22,1.0,1,1600,17.278446,332.21613,0.17086446,0.004,22.161372777467136,1,0.5256920329740514,28,,,,
-8180059,2022,8.0,37.66635986313154,-119.46694963505516,0.048765,0.06761625,0.08765,0.20033125,0.24840125,0.23494,0.365787,-0.13550352,-0.065755785,95,1,0.0,1,2413,9.468187,258.80606,0.22326873,0.030000001,17.800165861396408,1,16.496669266954996,52,,,,
-8180059,2022,9.0,39.01383278931082,-120.81442256123444,0.0395524999999999,0.058555,0.0683999999999999,0.2306225,0.190775,0.13534875,0.46816745,0.11931363,0.22554345,60,23,1.0,1,846,25.835564,205.4858,0.296006,0.019000001,22.25285163455544,1,1.57126612637354,53,0.10238045000000001,0.25481715,0.291299235,0.07273726999999999
-8178263,2020,9.0,37.486696806307634,-119.26932027254888,0.071755,0.0706824999999999,0.0734874999999999,0.0923249999999999,0.1355275,0.1593425,0.113607235,-0.1896073,-0.26629382,99,20,0.0,1,2079,8.178505,276.46722,0.14646074,0.020000001,18.12368382347956,1,1.480376701258744,28,,,,
-8178263,2021,8.0,38.60060775861584,-120.38323122485708,0.0202474999999999,0.0480224999999999,0.0292812499999999,0.24391875,0.1023625,0.0489437499999999,0.7837764,0.40793517,0.66433334,90,22,1.0,1,1735,15.791571,30.842745,0.17398493,0.004,22.161372777467136,1,2.50628868341446,28,,,,
-8178262,2020,9.0,37.34296636084851,-119.12558982708975,0.09646375,0.1150125,0.0991862499999999,0.15011625,0.0870449999999999,0.05760625,0.3190711,0.26517949,0.44839093,95,21,1.0,1,2202,14.505534,59.963722,0.14236832,0.017,16.053856892055933,1,1.1980529570871072,28,,,,
-8178262,2020,11.0,37.39686527789568,-119.17948874413692,-0.0082425,0.109705,0.1044525,0.1361325,0.0568775,0.0619649999999999,0.13167903,0.41062638,0.37439898,78,20,0.0,1,2229,15.945964,266.75217,0.20851006,0.055000003,4.321408229404028,1,0.1374173794562617,14,,,,
-8178262,2021,8.0,38.61857406429823,-120.40119753053948,0.11114875,0.13127875,0.11893125,0.2382125,0.1147925,0.06497625,0.41759095,0.34947422,0.57345927,72,1,0.0,1,1581,13.224428,195.33693,0.17086446,0.004,22.161372777467136,1,1.372187465912214,28,,,,
-8176466,2020,9.0,37.50466311199003,-119.26932027254888,0.1185325,0.13320375,0.1249674999999999,0.172185,0.1629175,0.15349875,0.1441007,0.002345482,0.06675345,82,20,0.0,1,2162,1.8543341,180.0,0.14646074,0.022000002,18.12368382347956,1,0.9184431844235708,28,,,,
-8176466,2021,8.0,38.6724729813454,-120.43713014190423,0.04629,0.073075,0.0620199999999999,0.175925,0.1163875,0.10094625,0.42556578,0.15927227,0.25325742,78,21,0.0,1,1574,11.52844,162.24426,0.16887635,0.004,22.149065989832764,1,0.4694658259216409,28,,,,
-8176466,2022,9.0,38.94196756658126,-120.70662472714012,0.0274799999999999,0.0400337499999999,0.03293875,0.173615,0.0930537499999999,0.05438875,0.5563862,0.21653067,0.34812245,95,2,0.0,1,1290,9.525403,330.2552,0.34289837,0.019000001,21.427962854173472,1,0.3765561295052369,53,,,,
-8176465,2021,8.0,38.63654036998062,-120.40119753053948,0.10127625,0.11623625,0.1064187499999999,0.19466625,0.1199899999999999,0.10369625,0.3768773,0.2477872,0.35077745,95,21,0.0,1,1700,5.6716123,347.95554,0.17086446,0.004,22.161372777467136,1,0.5232876795530319,28,,,,
-8176465,2022,9.0,39.01383278931082,-120.77848994986968,0.03104125,0.04442,0.05009875,0.2227025,0.15941125,0.08425375,0.58464205,0.1737568,0.4278213,51,23,1.0,1,616,19.782558,119.67428,0.3515032,0.019000001,22.25285163455544,1,1.7812249616465785,53,,,,
-8174670,2020,9.0,37.52262941767241,-119.26932027254888,0.0508825,0.0621849999999999,0.061415,0.12462375,0.14419,0.139185,0.3184058,-0.086291276,-0.019890921,95,20,0.0,1,2135,3.6239903,104.80852,0.14646074,0.022000002,18.12368382347956,1,0.7224084641068027,28,,,,
-8174669,2020,9.0,37.39686527789568,-119.14355613277216,0.0581425,0.0923112499999999,0.0744499999999999,0.1356375,0.15820125,0.13991375,0.29130825,-0.07980701,-0.008594319,31,21,1.0,1,2016,3.7047918,-0.0,0.14485113,0.017,18.04204319847957,1,1.2382322391090186,28,,,,
-8174669,2021,8.0,38.61857406429823,-120.36526491917468,0.03040875,0.05562625,0.04424125,0.23066375,0.13001375,0.0712325,0.67768985,0.27957323,0.5283748,78,21,0.0,1,1763,20.486397,150.06021,0.17398493,0.004,22.161372777467136,1,2.303022631444037,28,,,,
-8174669,2022,9.0,38.92400126089887,-120.67069211577532,0.0260362499999999,0.0355237499999999,0.03596375,0.12731875,0.0882274999999999,0.08785625,0.32807755,-0.033652965,-0.12078462,100,22,0.0,1,1220,8.988382,307.88214,0.34289837,0.020000001,21.427962854173472,1,0.4047574826649257,53,,,,
-8172873,2020,9.0,37.52262941767241,-119.25135396686647,0.04442,0.0679462499999999,0.074835,0.157555,0.20104625,0.1524675,0.35405162,-0.1236725,0.011954501,95,21,1.0,1,2109,5.826995,270.0,0.14646074,0.022000002,18.12368382347956,1,0.6371665915231342,28,,,,
-8172873,2021,8.0,38.654506675663015,-120.38323122485708,0.0543199999999999,0.081655,0.0887362499999999,0.19391,0.24078375,0.2052675,0.34143677,-0.14068726,-0.06774113,45,16,0.0,1,1658,22.354584,135.11577,0.17226075,0.004,22.149065989832764,1,0.8670736712475235,28,,,,
-8172873,2022,9.0,38.94196756658126,-120.67069211577532,0.0534399999999999,0.0522849999999999,0.05773,0.1496624999999999,0.127965,0.1230425,0.31592995,0.07815328,0.09761464,99,9,0.0,1,1127,14.699079,189.13014,0.34289837,0.020000001,21.427962854173472,1,0.9686669503387652,53,,,,
-8172872,2021,8.0,38.6724729813454,-120.40119753053948,0.0502499999999999,0.080225,0.064495,0.17676375,0.14186625,0.12043,0.42427275,0.07904011,0.18386982,95,8,0.0,1,1675,11.926569,23.120089,0.16887635,0.004,22.149065989832764,1,0.4810737837105989,28,,,,
-8172872,2022,9.0,38.92400126089887,-120.65272581009292,0.0213199999999999,0.031935,0.0328287499999999,0.16036,0.0790424999999999,0.04575375,0.51029354,0.22593094,0.408851,95,3,0.0,1,1253,10.362821,346.84573,0.34289837,0.020000001,21.427962854173472,1,0.5748272010165713,53,,,,
-8171076,2020,9.0,37.52262941767241,-119.2333876611841,0.0231899999999999,0.04228875,0.0401575,0.1141325,0.1002175,0.08551875,0.4353018,0.031222599,0.11652851,98,21,1.0,1,2263,12.860125,321.25772,0.14646074,0.022000002,18.65535971323652,1,0.5625698139580587,28,,,,
-8171076,2020,10.0,37.30703374948373,-119.0177919929954,0.0279337499999999,0.0370775,0.04176625,0.09616125,0.0903175,0.07465625,0.39442495,0.031477287,0.12646228,92,21,1.0,1,2255,13.53941,19.758709,0.14585412,0.019000001,10.646577371576823,1,0.5200786274616365,28,-0.04087685000000002,0.00025468799999999944,0.009933770000000008,-0.0006066200000000022
-8171076,2021,8.0,37.989753365414565,-119.70051160892623,0.0812975,0.08881875,0.0973574999999999,0.14780625,0.22592,0.23324875,0.20291683,-0.20307632,-0.21751101,60,21,0.0,1,2321,26.171026,131.20831,0.13848838,0.004,19.46572425596179,1,0.8146551026200707,28,,,,
-8171076,2022,9.0,38.94196756658126,-120.65272581009292,0.0213062499999999,0.0282637499999999,0.0259537499999999,0.1169787499999999,0.0838275,0.0703387499999999,0.41208622,0.0087038735,0.06042891,99,23,1.0,1,940,29.35042,321.0091,0.34289837,0.020000001,21.427962854173472,1,1.43864553574134,53,,,,
-8171075,2021,8.0,38.63654036998062,-120.3472986134923,0.04151875,0.06334,0.0541137499999999,0.190225,0.56802,0.7887625,0.5581054,-0.2366594,-0.15958437,95,22,1.0,1,1767,9.587954,281.0497,0.17398493,0.004,20.970313049644574,1,1.219725834375078,28,,,,
-8171075,2022,9.0,38.97790017794604,-120.68865842145772,0.042385,0.0467575,0.04888875,0.1365587499999999,0.1290375,0.11612625,0.2761301,-0.018560624,0.03299524,52,22,0.0,1,894,32.207684,82.61763,0.36178192,0.020000001,21.016116608513755,1,1.3550434747622129,53,,,,
-8169280,2021,8.0,38.69043928702779,-120.38323122485708,0.068455,0.08161375,0.07119125,0.16870625,0.11667625,0.0971924999999999,0.38888258,0.15192351,0.26145747,93,21,0.0,1,1687,6.6111274,134.29446,0.17226075,0.004,22.149065989832764,1,0.628269108980894,28,,,,
-8169280,2022,9.0,39.03179909499321,-120.7245910328225,0.0504012499999999,0.0622675,0.075715,0.142485,0.16234,0.15710125,0.17704701,-0.09113623,-0.10578162,90,22,0.0,1,938,21.465786,25.08542,0.3515032,0.019000001,21.016116608513755,1,2.120344333117828,53,,,,
-8169279,2020,9.0,37.5585620290372,-119.25135396686647,0.04503875,0.0557775,0.0612499999999999,0.1366275,0.15443375,0.1546125,0.34696415,-0.07867929,-0.040944256,78,20,0.0,1,2298,3.884119,197.5035,0.14679974,0.022000002,14.720482868618433,1,0.706392643628297,28,,,,
-8169279,2020,10.0,37.43279788926046,-119.12558982708975,0.0483937499999999,0.06266625,0.0598475,0.13319,0.13765875,0.12153,0.3727753,-0.020575237,0.06826552,78,20,0.0,1,2237,10.662564,198.95541,0.12740612,0.021000002,13.409031168619832,1,1.853627902300408,28,0.02581114999999995,0.058104053,0.109209776,-0.01939362
-8169279,2020,11.0,37.5585620290372,-119.25135396686647,0.055255,0.1072299999999999,0.130935,0.140065,0.05575,0.065925,0.033690035,0.430585,0.35992038,78,20,0.0,1,2298,3.884119,197.5035,0.16778949,0.074,-1.148662842644569,1,0.128004664913393,14,-0.33908526499999997,0.451160237,0.29165485999999996,0.04038337
-8169279,2021,8.0,38.654506675663015,-120.3472986134923,0.0403087499999999,0.0658012499999999,0.0555574999999999,0.16158375,0.10823375,0.0863574999999999,0.4833915,0.19118877,0.3110341,96,21,0.0,1,1808,8.2891,180.0,0.17226075,0.004,20.861796479584086,1,0.835664857533716,28,,,,
-8169279,2022,9.0,38.94196756658126,-120.63475950441055,0.0098112499999999,0.0206462499999999,0.0132349999999999,0.12668625,0.05741375,0.0266962499999999,0.77504116,0.31515157,0.6160103,100,23,1.0,1,738,31.912815,332.1028,0.32831702,0.020000001,20.563656213548484,1,1.2251557663437866,53,,,,
-8167483,2020,9.0,37.540595723354805,-119.2154213555017,0.04080375,0.0543749999999999,0.0559149999999999,0.15778875,0.13066,0.12264375,0.46035045,0.09354323,0.166734,100,20,0.0,1,2093,19.932953,57.611595,0.14679974,0.022000002,18.65535971323652,1,1.137261433601379,28,,,,
-8167483,2020,10.0,37.486696806307634,-119.16152243845453,0.0604799999999999,0.08292,0.0652237499999999,0.1320212499999999,0.12393625,0.12649375,0.35551247,0.08712224,0.13823691,99,20,0.0,1,2344,12.361505,196.21588,0.13008672,0.021000002,13.841115447013635,1,0.5238844839856028,28,-0.10483798,-0.006420990000000001,-0.028497090000000003,-0.016713020000000023
-8167483,2021,8.0,38.654506675663015,-120.3293323078099,0.0436499999999999,0.06563625,0.0705725,0.2123075,0.189455,0.12176375,0.5007544,0.058626365,0.2723599,92,19,0.0,1,1913,2.548331,248.67116,0.17226075,0.004,20.861796479584086,1,2.074576184330952,28,,,,
-8167483,2022,9.0,38.99586648362843,-120.67069211577532,0.0480912499999999,0.05900875,0.063725,0.18295125,0.17868875,0.16139125,0.25856867,-0.022432428,0.07858765,45,22,0.0,1,882,36.613686,229.18799,0.36178192,0.020000001,21.016116608513755,1,1.678611664899758,53,,,,
-8167482,2020,9.0,37.5585620290372,-119.2333876611841,0.04651,0.0581287499999999,0.06813875,0.13760375,0.1622299999999999,0.147875,0.32052273,-0.09361659,-0.024821134,89,20,0.0,1,2367,10.5705185,80.009155,0.14679974,0.022000002,14.599549166361498,1,0.6294973859632457,28,,,,
-8167482,2020,10.0,37.41483158357807,-119.08965721572496,0.047335,0.06481125,0.05746875,0.1378925,0.12594375,0.1183537499999999,0.38478768,0.028376801,0.09315104,99,20,0.0,1,2414,18.571915,256.0606,0.1292809,0.019000001,13.409031168619832,1,0.8474170470779593,28,0.06426495000000004,0.121993391,0.11797217400000001,-0.017518840000000008
-8167482,2021,8.0,38.63654036998062,-120.31136600212751,0.0183775,0.03648625,0.02902,0.17049375,0.0839925,0.047775,0.7094846,0.3427976,0.56439984,96,21,0.0,1,1812,14.565205,355.42535,0.16899085,0.004,20.970313049644574,1,1.0057689109614685,28,,,,
-8167482,2022,9.0,38.95993387226365,-120.63475950441055,0.03672,0.0485174999999999,0.048325,0.186595,0.1455375,0.0878424999999999,0.572312,0.12457907,0.37607387,40,23,1.0,1,1307,9.843259,158.9029,0.32831702,0.020000001,20.19572001563182,1,0.8150103418599992,53,,,,
-8165686,2020,10.0,37.39686527789568,-119.05372460436018,0.0609062499999999,0.0908124999999999,0.07619625,0.16102,0.1460325,0.11697875,0.36999822,0.04861444,0.16069809,37,21,1.0,1,2738,28.656475,231.53471,0.1292809,0.019000001,13.409031168619832,1,0.6200051981140859,28,,,,
-8165686,2021,8.0,38.654506675663015,-120.31136600212751,0.0291299999999999,0.0508825,0.05037375,0.19153125,0.13416625,0.0839925,0.5837917,0.17657098,0.390746,85,21,0.0,1,1983,8.4405775,236.94502,0.15962264,0.004,20.861796479584086,1,1.1023033970878238,28,,,,
-8165686,2022,9.0,38.94196756658126,-120.59882689304575,0.0182674999999999,0.0393874999999999,0.0297624999999999,0.1890012499999999,0.09121125,0.0438837499999999,0.72042686,0.33476594,0.6173552,97,23,1.0,1,1119,17.734686,139.39879,0.32831702,0.021000002,20.563656213548484,1,1.4700185741697038,53,,,,
-8165685,2021,8.0,38.63654036998062,-120.29339969644514,0.0120249999999999,0.02842875,0.0161912499999999,0.14343375,0.0391124999999999,0.0206737499999999,0.79733247,0.5724995,0.7485379,100,21,0.0,1,1992,31.852118,306.8177,0.16899085,0.004,20.970313049644574,1,9.341785352332172,28,,,,
-8165685,2022,5.0,38.63654036998062,-120.29339969644514,0.0292125,0.03397,0.0421374999999999,0.0639175,0.1026374999999999,0.114875,0.20536514,-0.31432787,-0.3463382,100,21,0.0,1,1992,31.852118,306.8177,0.26586288,0.033,9.79570346545148,1,0.2772957591906838,56,,,,
-8163890,2020,10.0,37.52262941767241,-119.16152243845453,0.0236849999999999,0.0398962499999999,0.0260499999999999,0.1087699999999999,0.0585549999999999,0.0360324999999999,0.60438406,0.29211646,0.4930711,98,21,1.0,1,2063,8.603637,344.34763,0.13008672,0.021000002,13.841115447013635,1,1.9396413851367391,28,,,,
-8163890,2021,8.0,38.69043928702779,-120.3293323078099,0.0945525,0.100355,0.08439125,0.1997675,0.1113825,0.0671625,0.450376,0.28387076,0.49686423,99,7,0.0,1,1831,16.21448,86.808914,0.17226075,0.004,20.861796479584086,1,2.2058501789685,28,,,,
-8163890,2022,9.0,38.94196756658126,-120.58086058736338,0.0449974999999999,0.0634775,0.0681112499999999,0.18533,0.18295125,0.124885,0.45228255,-0.005309798,0.17358601,82,16,0.0,1,1317,19.105804,212.73515,0.32831702,0.021000002,20.563656213548484,1,1.3752051308751103,53,,,,
-8163889,2020,9.0,37.594494640401976,-119.2333876611841,0.02364375,0.04231625,0.0338187499999999,0.20929625,0.11329375,0.0558187499999999,0.7198279,0.29447436,0.5752023,94,20,0.0,1,2019,23.744236,282.75586,0.14679974,0.022000002,14.599549166361498,1,1.325747414380312,28,,,,
-8163889,2021,8.0,38.63654036998062,-120.27543339076274,0.02862125,0.0480224999999999,0.04410375,0.20992875,0.15464,0.09055125,0.65057504,0.15032607,0.39546254,85,21,0.0,1,2131,8.439105,56.93842,0.16899085,0.004,20.970313049644574,1,0.599796587601304,28,,,,
-8163889,2022,9.0,38.95993387226365,-120.59882689304575,0.0413675,0.070655,0.0642749999999999,0.1242249999999999,0.12571,0.10987,0.3946296,-0.027766706,0.0317292,87,22,0.0,1,1291,23.228827,235.5458,0.32831702,0.021000002,20.19572001563182,1,2.432433240470432,53,,,,
-8163889,2022,10.0,38.99586648362843,-120.63475950441055,0.0111999999999999,0.0161224999999999,0.0211824999999999,0.0934249999999999,0.058885,0.0376549999999999,0.6303471,0.16706432,0.39396596,95,3,0.0,1,1234,30.475859,20.728542,0.19737469,0.042000003,15.06430499579318,1,0.3135527673487862,56,0.23571750000000002,0.194831026,0.36223676,-0.13094233000000002
-8162093,2021,8.0,38.654506675663015,-120.27543339076274,0.0242624999999999,0.0404599999999999,0.0384937499999999,0.1509825,0.1076975,0.0680425,0.59384155,0.16828339,0.37962717,100,21,0.0,1,1999,11.537832,322.4643,0.15962264,0.004,20.861796479584086,1,0.60050604644197,28,,,,
-8162093,2022,9.0,38.99586648362843,-120.61679319872816,0.02121,0.0464825,0.0426324999999999,0.176475,0.1058549999999999,0.060425,0.5085166,0.25013283,0.41170117,90,10,0.0,1,1373,7.356045,255.47609,0.33929068,0.020000001,20.19572001563182,1,1.958028835337609,53,,,,
-8162092,2021,8.0,38.63654036998062,-120.25746708508036,0.0237399999999999,0.04030875,0.0384112499999999,0.18412,0.1045899999999999,0.0669974999999999,0.65482223,0.27586132,0.46665776,71,21,0.0,1,2247,14.948088,111.33373,0.16899085,0.004,20.970313049644574,1,0.3093721556856676,28,,,,
-8162092,2022,9.0,38.97790017794604,-120.59882689304575,0.0199587499999999,0.02878625,0.0216225,0.09126625,0.0475687499999999,0.0261049999999999,0.5188552,0.24056315,0.52709264,100,23,1.0,1,1031,38.659977,352.52203,0.33929068,0.021000002,20.19572001563182,1,1.7010255556391634,53,,,,
-8160296,2021,8.0,38.654506675663015,-120.25746708508036,0.0344374999999999,0.0555025,0.0619924999999999,0.1997675,0.159865,0.1086737499999999,0.5265741,0.1109527,0.29533294,54,21,0.0,1,2095,16.766525,254.41608,0.15962264,0.004,20.861796479584086,1,0.5020583762228489,28,,,,
-8160296,2022,9.0,38.99586648362843,-120.59882689304575,0.0293775,0.0546499999999999,0.0390024999999999,0.1451799999999999,0.0947724999999999,0.11174,0.25615337,0.16849169,0.17212452,100,22,0.0,1,1411,7.3731637,208.87401,0.33929068,0.021000002,20.19572001563182,1,1.2952263664454222,53,,,,
-8158500,2021,8.0,38.69043928702779,-120.27543339076274,0.0400475,0.0646874999999999,0.06527875,0.23800625,0.2047725,0.1329837499999999,0.56756616,0.074583404,0.28133202,96,13,0.0,1,1936,20.750755,260.1598,0.15962264,0.004,20.861796479584086,1,1.8545537973227708,28,,,,
-8158500,2022,9.0,38.99586648362843,-120.58086058736338,0.02430375,0.05058,0.0341625,0.20084,0.11931625,0.059985,0.74687666,0.25368178,0.5456635,89,23,1.0,1,1262,19.602388,180.0,0.33929068,0.021000002,20.19572001563182,1,2.800644621507011,53,,,,
-8158499,2020,11.0,37.5585620290372,-119.14355613277216,0.1918475,0.2312,0.2694525,0.3215925,0.1010975,0.0732674999999999,0.08821663,0.5216471,0.6288938,95,18,0.0,1,2222,8.338051,257.23816,0.1682223,0.056,-1.0047907723320575,1,0.1836334424666487,14,,,,
-8158499,2021,8.0,38.63654036998062,-120.22153447371556,0.0297899999999999,0.0486962499999999,0.0487374999999999,0.16697375,0.1217912499999999,0.07878125,0.54767025,0.1583387,0.36068964,93,21,0.0,1,2091,13.695975,4.8782063,0.15944041,0.004,19.527851482104268,1,0.5098992690577039,28,,,,
-8158499,2022,9.0,39.0497654006756,-120.63475950441055,0.0519275,0.07368,0.0756324999999999,0.16608,0.2022975,0.2226199999999999,0.22154662,-0.10928764,-0.15336579,95,6,0.0,1,1251,29.601065,175.7917,0.34831023,0.022000002,20.19572001563182,1,5.848795744792922,53,,,,
-8156703,2021,8.0,38.654506675663015,-120.22153447371556,0.0296112499999999,0.04792625,0.0457537499999999,0.2135312499999999,0.1175287499999999,0.0677812499999999,0.6471613,0.28998896,0.51812786,87,22,1.0,1,2033,14.221765,101.047005,0.15433863,0.004,19.06922412995374,1,0.5769148177156845,28,,,,
-8156702,2020,11.0,37.5585620290372,-119.12558982708975,0.0583075,0.078795,0.10646,0.2167075,0.27817,0.1874475,0.34114662,-0.1241974,0.07239797,91,18,0.0,1,2397,25.230682,175.02792,0.1682223,0.056,-1.0047907723320575,1,0.3512599416650258,14,,,,
-8156702,2021,8.0,38.63654036998062,-120.20356816803316,0.02738375,0.04363625,0.0399925,0.18636125,0.09836125,0.05575,0.6470328,0.30917025,0.5394335,91,21,0.0,1,2184,3.6531339,220.4798,0.15944041,0.004,19.527851482104268,1,0.4211769654149456,28,,,,
-8156702,2022,9.0,39.06773170635799,-120.63475950441055,0.015545,0.02935,0.0174837499999999,0.137425,0.07834125,0.0397862499999999,0.7598134,0.32527456,0.58939666,99,23,1.0,1,1268,6.464861,-0.0,0.34831023,0.022000002,19.78720222049293,1,7.685119396369417,53,,,,
-8154907,2021,8.0,38.69043928702779,-120.23950077939796,0.0183224999999999,0.04237125,0.0277275,0.254465,0.09629875,0.0447225,0.8028127,0.45064765,0.70065516,78,21,0.0,1,1932,16.805267,335.66858,0.15433863,0.004,19.06922412995374,1,2.1459526995844813,28,,,,
-8154906,2021,8.0,38.654506675663015,-120.20356816803316,0.031605,0.049095,0.0502637499999999,0.18066875,0.15107875,0.10009375,0.56519026,0.08974725,0.28748432,93,21,0.0,1,1969,4.7760324,345.63498,0.15433863,0.004,19.06922412995374,1,0.4333272847533226,28,,,,
-8154906,2022,9.0,39.06773170635799,-120.61679319872816,0.0346849999999999,0.05245,0.05718,0.1694625,0.135005,0.10107,0.45651072,0.113173,0.15750109,95,1,0.0,1,1477,3.6624904,319.34854,0.34831023,0.022000002,19.78720222049293,1,2.643062099907547,53,,,,
-8153110,2021,8.0,38.654506675663015,-120.18560186235078,0.0327325,0.0496312499999999,0.0492325,0.18619625,0.13649,0.0854087499999999,0.5815706,0.15391211,0.37111035,91,21,0.0,1,2120,17.900097,303.45612,0.15433863,0.004,19.06922412995374,1,1.201483120396733,28,,,,
-8153109,2021,8.0,38.6724729813454,-120.20356816803316,0.0177587499999999,0.0344374999999999,0.02512875,0.19303,0.07548125,0.0393875,0.7695866,0.43840644,0.6614183,90,21,0.0,1,1889,1.5068129,232.01976,0.15433863,0.004,19.06922412995374,1,0.8232898916273067,28,,,,
-8153109,2022,9.0,39.12163062340516,-120.65272581009292,0.0601774999999999,0.0836075,0.0937137499999999,0.26000625,0.24463375,0.174055,0.45420703,0.011187894,0.20225997,90,14,0.0,1,1343,13.716166,223.15054,0.3519287,0.021000002,20.711160553826232,1,4.083354278890924,53,,,,
-8151313,2021,8.0,38.6724729813454,-120.18560186235078,0.03126125,0.0492049999999999,0.0460425,0.1979525,0.135005,0.0857387499999999,0.6226776,0.18929456,0.39582694,91,21,0.0,1,1973,12.449498,48.70646,0.15433863,0.004,19.06922412995374,1,1.3516417460945935,28,,,,
-8151312,2021,8.0,38.78027081543974,-120.29339969644514,0.0454374999999999,0.066585,0.067575,0.263485,0.2203925,0.13594,0.5917658,0.08905663,0.3193215,85,4,0.0,1,1413,21.132746,164.418,0.15962264,0.004,20.902859357608293,1,7.408769484409796,28,,,,
-8151312,2022,9.0,39.12163062340516,-120.63475950441055,0.06142875,0.0858625,0.098815,0.265795,0.25062875,0.1686375,0.33855927,0.048606526,0.24173266,43,13,0.0,1,1275,37.837517,151.08289,0.34831023,0.021000002,19.78720222049293,1,2.65591715335846,53,,,,
-8149517,2021,8.0,38.69043928702779,-120.18560186235078,0.0242899999999999,0.0406112499999999,0.0362249999999999,0.16636875,0.1032974999999999,0.063725,0.6423952,0.23440549,0.44640726,99,22,1.0,1,1822,16.38761,339.35284,0.15433863,0.004,19.06922412995374,1,2.1136806091914573,28,,,,
-8149516,2021,8.0,38.6724729813454,-120.1676355566684,0.04440625,0.0640275,0.063285,0.19598625,0.17945875,0.1231937499999999,0.5115023,0.04383344,0.22792555,52,21,0.0,1,2034,17.472996,261.12515,0.15433863,0.004,19.06922412995374,1,0.4159363700697819,28,,,,
-8147720,2021,8.0,38.708405592710186,-120.18560186235078,0.02955625,0.05108875,0.0453274999999999,0.20789375,0.1163599999999999,0.07066875,0.642222,0.2830651,0.4936228,52,22,1.0,1,1975,14.69792,350.8993,0.15433863,0.004,19.06922412995374,1,3.317637401744318,28,,,,
-8147719,2020,9.0,38.97790017794604,-120.45509644758664,0.020605,0.03513875,0.0284975,0.1707412499999999,0.10122125,0.05403125,0.7100859,0.25301945,0.5160862,100,14,0.0,1,1402,24.745945,288.4263,0.20145196,0.009000001,20.13288521236848,1,0.6997647185011634,28,,,,
-8147719,2021,8.0,38.72637189839257,-120.20356816803316,0.0244962499999999,0.0449287499999999,0.0356062499999999,0.214645,0.09517125,0.05620375,0.71542996,0.38575804,0.5851305,82,22,1.0,1,1896,13.838564,189.69865,0.15433863,0.004,19.06922412995374,1,0.7217871900647879,28,,,,
-8145923,2021,8.0,38.69043928702779,-120.149669250986,0.0308212499999999,0.0469224999999999,0.0427012499999999,0.19100875,0.114105,0.0682212499999999,0.6351771,0.25205132,0.47374964,74,21,0.0,1,2025,12.257917,252.66087,0.14862163,0.004,17.589569182037053,1,0.2427000990853859,28,,,,
-8145923,2021,9.0,38.72637189839257,-120.18560186235078,0.0436774999999999,0.0568087499999999,0.0652787499999999,0.1054837499999999,0.134345,0.1337675,0.24282716,-0.13040036,-0.12610197,84,21,0.0,1,1983,12.030052,283.17258,0.18476346,0.011000001,15.80057637956412,1,0.425732878753199,24,-0.39234994000000006,-0.38245168,-0.59985161,0.036141829999999986
-8144127,2021,8.0,38.69043928702779,-120.13170294530362,0.02389125,0.0416837499999999,0.0388787499999999,0.19496875,0.1161262499999999,0.0686887499999999,0.66743124,0.25350705,0.47915706,96,21,0.0,1,2189,11.5287,197.75987,0.14862163,0.004,17.589569182037053,1,0.4481050353497267,28,,,,
-8144126,2021,8.0,38.72637189839257,-120.1676355566684,0.0278374999999999,0.0482149999999999,0.0454512499999999,0.2007024999999999,0.1445475,0.0906749999999999,0.6309472,0.16290423,0.3777042,67,22,1.0,1,2047,11.5420265,217.56354,0.15433863,0.004,19.06922412995374,1,1.0250534488941017,28,,,,
-8142330,2021,8.0,38.76230450975736,-120.18560186235078,0.0404874999999999,0.0584999999999999,0.0547325,0.24103125,0.1685825,0.101565,0.62869954,0.17600438,0.40615332,45,22,1.0,1,2171,5.547545,180.0,0.15433863,0.004,18.989114502937586,1,0.435759673403068,28,,,,
-8142329,2021,8.0,38.78027081543974,-120.20356816803316,0.0328974999999999,0.04025375,0.02496375,0.1709062499999999,0.06742375,0.035015,0.74621934,0.4344932,0.6600215,100,23,0.0,1,1837,26.726923,355.26895,0.15433863,0.004,18.989114502937586,1,1.3559043100879835,28,,,,
-8140533,2021,8.0,38.76230450975736,-120.1676355566684,0.0131112499999999,0.03111,0.0199449999999999,0.15772,0.0591049999999999,0.0316187499999999,0.7751383,0.45579314,0.666258,99,22,1.0,1,2116,10.850813,40.529575,0.15433863,0.004,18.989114502937586,1,0.1923281802307991,28,,,,
-8138737,2021,8.0,38.798237121122135,-120.18560186235078,0.041285,0.05823875,0.0495899999999999,0.24583,0.1534025,0.08831,0.6640604,0.23052894,0.47020367,43,21,0.0,1,1897,24.361708,227.21608,0.15433863,0.004,18.989114502937586,1,1.5486824369917696,28,,,,
-8138736,2021,8.0,38.76230450975736,-120.149669250986,0.0309724999999999,0.0463037499999999,0.04061125,0.20550125,0.09302625,0.05535125,0.66965795,0.37635636,0.57513237,46,21,0.0,1,2202,5.1337795,136.11417,0.14862163,0.004,17.21716022286364,1,1.5401679347627435,28,,,,
-8138736,2021,9.0,38.72637189839257,-120.11373663962122,0.06406875,0.0816549999999999,0.0825075,0.1942675,0.1976362499999999,0.18669125,0.37243384,-0.027090056,0.04993956,53,21,0.0,1,2158,31.956867,189.57343,0.17560199,0.011000001,14.40458028581412,1,140.3804145257175,24,-0.29722410999999993,-0.403446416,-0.52519281,0.02698036000000001
-8136940,2021,8.0,38.798237121122135,-120.1676355566684,0.0298999999999999,0.04105125,0.0261049999999999,0.22318375,0.0603424999999999,0.03183875,0.7908665,0.5745567,0.75031394,98,21,0.0,1,2164,22.032898,180.0,0.15433863,0.004,18.989114502937586,1,1.5911917708069083,28,,,,
-8136940,2021,9.0,38.72637189839257,-120.09577033393884,0.07619625,0.10482375,0.1007675,0.1653099999999999,0.1606075,0.15211,0.24623162,0.010097579,0.041248374,62,22,1.0,1,2368,30.622263,190.09462,0.17560199,0.010000001,14.40458028581412,1,1.1333112789487296,24,-0.54463488,-0.5644591210000001,-0.7090655659999999,0.02126336000000001
-8136939,2021,8.0,38.78027081543974,-120.149669250986,0.0151874999999999,0.0359224999999999,0.0229837499999999,0.1840375,0.0660625,0.03450625,0.7778784,0.4719614,0.6842106,98,21,0.0,1,1862,20.450352,356.80774,0.14862163,0.004,17.21716022286364,1,0.926594792632386,28,,,,
-8135143,2021,8.0,38.798237121122135,-120.149669250986,0.0219937499999999,0.0444612499999999,0.03095875,0.24969375,0.0936037499999999,0.04954875,0.77925235,0.45455518,0.6687535,95,21,0.0,1,1860,19.680925,140.29903,0.14862163,0.004,17.21716022286364,1,1.1196526248008012,28,,,,
-8135143,2021,9.0,38.708405592710186,-120.05983772257406,0.0461524999999999,0.0515424999999999,0.04981,0.123235,0.0882687499999999,0.13364375,0.45532715,0.17040044,0.081323385,75,23,0.0,1,2379,18.428709,43.221287,0.15019025,0.010000001,14.40458028581412,1,0.5628670841785303,24,-0.3239252,-0.28415474,-0.587430115,0.0015686199999999928
-8133347,2021,8.0,38.798237121122135,-120.13170294530362,0.0173187499999999,0.03802625,0.0266824999999999,0.1955325,0.07335,0.0391125,0.75990415,0.45443487,0.6662858,99,21,0.0,1,2058,12.275454,41.929348,0.14862163,0.004,17.21716022286364,1,0.3324574052315691,28,,,,
-8133346,2021,8.0,38.81620342680453,-120.149669250986,0.0408312499999999,0.08534,0.0743674999999999,0.24573375,0.2175325,0.13397375,0.53467095,0.060346756,0.29362738,45,21,0.0,1,2391,13.570752,159.86229,0.1525705,0.004,17.21716022286364,1,0.2204597422480583,28,,,,
-8131550,2021,8.0,38.798237121122135,-120.11373663962122,0.0231625,0.0387275,0.03153625,0.165585,0.0793175,0.0467574999999999,0.6797553,0.35237226,0.5596154,99,21,0.0,1,2069,10.683478,340.71313,0.14862163,0.004,17.21716022286364,1,0.6321965099957126,28,,,,
-8129753,2021,8.0,38.81620342680453,-120.11373663962122,0.0354275,0.0559425,0.0512674999999999,0.190445,0.13974875,0.087485,0.5759382,0.15354899,0.3704657,82,22,1.0,1,2122,42.236637,259.72943,0.1525705,0.004,17.21716022286364,1,0.4367057165274253,28,,,,
-8129753,2021,9.0,38.78027081543974,-120.07780402825644,0.0557362499999999,0.07900125,0.07658125,0.13539,0.1483699999999999,0.1374525,0.27761102,-0.043233275,-0.003022895,62,22,1.0,1,2469,28.842766,236.04956,0.15019025,0.010000001,14.033293935987729,1,1.1632197219878435,24,-0.29832717999999997,-0.196782265,-0.37348859500000003,-0.0023802500000000004
-8126160,2021,8.0,38.81620342680453,-120.07780402825644,0.03353,0.04993375,0.04710125,0.173835,0.1466925,0.10262375,0.5753374,0.08482932,0.2577804,82,22,1.0,1,2112,11.648401,30.258327,0.14041981,0.0050000004,17.21716022286364,1,0.2539648827910423,28,,,,
-8120770,2021,9.0,38.81620342680453,-120.02390511120927,0.04677125,0.06692875,0.06277625,0.1240049999999999,0.1160712499999999,0.0981962499999999,0.32885838,0.032954592,0.118136436,86,21,0.0,1,2001,10.629746,85.05204,0.15012434,0.009000001,13.930757586161292,1,0.7997559185605496,24,,,,
-8118973,2021,7.0,38.63654036998062,-119.82627574870298,0.0330762499999999,0.0416975,0.03881,0.144465,0.09981875,0.08609625,0.45653167,0.08864074,0.18018037,98,21,0.0,1,2100,31.069351,300.69568,0.14938906,0.018000001,18.17000437090473,1,0.6817018120464954,27,,,,
-8118973,2021,9.0,38.81620342680453,-120.00593880552688,0.0372975,0.0548974999999999,0.0537975,0.10096,0.0915274999999999,0.0830299999999999,0.30475098,0.049003184,0.09745095,91,22,1.0,1,2379,36.79398,270.0,0.15012434,0.009000001,13.930757586161292,1,1.7403506957925856,24,,,,
-8117177,2021,7.0,38.6724729813454,-119.84424205438536,0.04052875,0.0556675,0.0520375,0.18443625,0.1350325,0.10922375,0.55060357,0.14852959,0.2533686,51,21,0.0,1,2193,10.880528,59.648987,0.14827059,0.018000001,20.413449326381908,1,1.224580633012872,27,,,,
-8117177,2021,8.0,38.83416973248691,-120.00593880552688,0.0233825,0.0407624999999999,0.03511125,0.1924525,0.09706875,0.06004,0.69131595,0.3294301,0.524333,92,21,0.0,1,2235,12.27978,252.69371,0.14041981,0.0050000004,16.99022232383811,1,0.3395533939966789,28,0.14071237999999997,0.18090051000000001,0.27096440000000005,-0.007850780000000002
-8117176,2021,10.0,37.81009030859066,-118.98185938163064,0.0477612499999999,0.06346375,0.07396875,0.1956149999999999,0.16788125,0.116415,0.44936034,0.07338677,0.25035182,45,1,0.0,1,2447,3.635853,40.158802,0.16403565,0.065000005,4.193527106828583,1,0.226989413490114,25,,,,
-8115381,2021,8.0,38.83416973248691,-119.98797249984447,0.02259875,0.0397174999999999,0.0412299999999999,0.16823875,0.148205,0.09957125,0.6075227,0.06411616,0.25693923,100,21,0.0,1,2317,21.45603,25.024126,0.12511213,0.0050000004,16.99022232383811,1,0.3280144918423432,28,,,,
-8115380,2021,7.0,38.654506675663015,-119.8083094430206,0.0446675,0.05700125,0.05683625,0.1540487499999999,0.12115875,0.1064325,0.40296903,0.075999945,0.15785296,50,21,0.0,1,1851,15.427999,355.69232,0.13710552,0.018000001,20.413449326381908,1,0.6808441296016099,27,,,,
-8115380,2021,9.0,38.852136038169306,-120.00593880552688,0.0132074999999999,0.0352899999999999,0.0222549999999999,0.12102125,0.0658837499999999,0.0406937499999999,0.69712794,0.29137057,0.49726856,91,7,0.0,1,1990,13.951249,293.0149,0.15012434,0.009000001,15.325744565327966,1,1.2873144773766398,24,,,,
-8113584,2021,7.0,38.654506675663015,-119.7903431373382,0.0268749999999999,0.07803875,0.070875,0.15321,0.1222449999999999,0.097055,0.35192898,0.097687,0.2137077,71,22,1.0,1,2081,19.064724,286.32254,0.13710552,0.023000002,20.413449326381908,1,1.4660437500781631,27,,,,
-8113584,2021,8.0,38.852136038169306,-119.98797249984447,0.02114125,0.037105,0.03310375,0.17635125,0.09676625,0.0550624999999999,0.68390584,0.29157722,0.52437115,99,21,0.0,1,2037,13.895487,310.8695,0.12511213,0.0050000004,18.5630628606325,1,0.3853751439959384,28,0.33197686,0.19389022000000003,0.31066345,-0.01199339000000002
-8111787,2021,7.0,38.6724729813454,-119.7903431373382,0.0351937499999999,0.0514462499999999,0.0541824999999999,0.14376375,0.1655849999999999,0.14527625,0.3790959,-0.12945288,-0.047946904,66,21,0.0,1,2025,26.090881,46.037292,0.13710552,0.023000002,20.413449326381908,1,0.6282896903222022,27,,,,
-8111787,2021,8.0,38.852136038169306,-119.9700061941621,0.0366512499999999,0.0521062499999999,0.0524774999999999,0.17093375,0.14849375,0.10141375,0.53026295,0.070831046,0.25593525,65,21,0.0,1,2322,10.684346,19.300467,0.12511213,0.0050000004,18.5630628606325,1,0.2868654933516626,28,0.15116705000000003,0.200283926,0.303882154,-0.01199339000000002
-8109990,2020,9.0,38.52874253588628,-119.62864638619668,0.021925,0.0417662499999999,0.03238875,0.15794,0.0924349999999999,0.06217125,0.5350089,0.0944487,0.25168598,90,21,1.0,1,2610,23.632233,2.7105844,0.10853021,0.009000001,14.800110689798998,1,3.201130681484938,28,,,,
-8109990,2021,7.0,38.6724729813454,-119.7723768316558,0.05333,0.0651275,0.06789125,0.15234375,0.15619375,0.13430375,0.33110726,-0.050074015,0.0264789,50,21,0.0,1,1976,10.433255,307.98026,0.13710552,0.023000002,20.413449326381908,1,0.868933069155268,27,,,,
-8109990,2021,8.0,38.852136038169306,-119.95203988847972,0.0196837499999999,0.0361837499999999,0.030395,0.1728725,0.0938787499999999,0.0562587499999999,0.70064497,0.29688573,0.5092785,100,21,0.0,1,2315,9.453121,299.0855,0.12511213,0.0050000004,18.5630628606325,1,1.168448945241315,28,0.36953771,0.34695974500000004,0.4827996,-0.01199339000000002
-8108194,2020,9.0,38.52874253588628,-119.6106800805143,0.0403225,0.0673549999999999,0.05333,0.10416375,0.1426637499999999,0.17299625,0.1699326,-0.24838808,-0.32885632,53,20,0.0,1,2484,23.143808,124.61585,0.10853021,0.009000001,14.800110689798998,1,1.0316261097111483,28,,,,
-8108194,2021,7.0,38.74433820407496,-119.82627574870298,0.0442687499999999,0.0576337499999999,0.0549662499999999,0.18281375,0.13495,0.10270625,0.5060001,0.12771063,0.25533167,39,21,0.0,1,1910,8.177037,25.6783,0.13710552,0.024,20.413449326381908,1,2.4336612961398294,27,,,,
-8108193,2021,8.0,38.8701023438517,-119.95203988847972,0.0178549999999999,0.0341212499999999,0.02957,0.1531549999999999,0.08837875,0.0520924999999999,0.6763392,0.2685317,0.49251232,100,21,0.0,1,2241,22.06766,309.70874,0.12511213,0.0050000004,18.5630628606325,1,0.8955389641363312,28,,,,
-8106397,2020,9.0,38.52874253588628,-119.5927137748319,0.0408587499999999,0.0558874999999999,0.0595724999999999,0.1104749999999999,0.13097625,0.12945,0.32537037,-0.10837956,-0.10525959,65,21,1.0,1,2168,27.364658,271.7923,0.092382446,0.007,14.800110689798998,1,1.738965567201376,28,,,,
-8104601,2020,9.0,38.51077623020389,-119.55678116346712,0.0552275,0.0765812499999999,0.083415,0.1026787499999999,0.16949,0.20583125,0.106725045,-0.25495803,-0.3427663,35,20,0.0,1,2599,15.120473,57.371838,0.092382446,0.007,14.800110689798998,1,3.2096330910168875,28,,,,
-8104601,2021,7.0,38.74433820407496,-119.7903431373382,0.0381225,0.0535775,0.05575,0.1804625,0.14749,0.096725,0.5279674,0.100540474,0.30209696,52,21,0.0,1,1894,17.670586,15.105488,0.13710552,0.025,20.413449326381908,1,0.6486142213739778,27,,,,
-8104600,2020,9.0,38.52874253588628,-119.57474746914951,0.0504425,0.0574824999999999,0.0633124999999999,0.0809399999999999,0.13092125,0.15838,0.1316873,-0.26958779,-0.35350206,77,20,0.0,1,2365,9.574361,281.06592,0.092382446,0.007,14.800110689798998,1,1.3789676986634731,28,,,,
-8104600,2021,7.0,37.81009030859066,-118.8560952418539,0.0499199999999999,0.0634224999999999,0.06422,0.1997125,0.1679775,0.106515,0.51336044,0.08630912,0.30434072,54,21,0.0,1,2757,5.547545,180.0,0.13604371,0.021000002,19.501119437268983,1,5.7368156958254986,27,,,,
-8102804,2020,9.0,38.47484361883911,-119.50288224641994,0.0361974999999999,0.0414775,0.0475825,0.067245,0.111575,0.12692,0.16686499,-0.26706308,-0.3181375,70,2,0.0,1,2216,29.482319,329.20135,0.09004295,0.009000001,15.998455958896216,1,0.8491504775094134,28,,,,
-8101008,2020,9.0,38.492809924521495,-119.50288224641994,0.03233375,0.03934625,0.04355375,0.0558874999999999,0.0876225,0.0999424999999999,0.1254763,-0.22988276,-0.28567192,45,2,0.0,1,2059,21.892374,332.40506,0.086975895,0.009000001,15.998455958896216,1,0.2669522935667863,28,,,,
-8101007,2021,7.0,38.72637189839257,-119.73644422029102,0.04858625,0.0596825,0.0609062499999999,0.12300125,0.1197699999999999,0.1093474999999999,0.29606724,-0.018273117,0.040415265,47,21,0.0,1,1968,15.327425,259.7942,0.12765552,0.025,21.33490692466819,1,0.3174626484809171,27,,,,
-8099211,2021,7.0,38.74433820407496,-119.73644422029102,0.04215125,0.05840375,0.0632025,0.13532125,0.13779625,0.10987,0.34594703,-0.020263044,0.08984084,57,22,1.0,1,1786,28.324043,43.878597,0.12765552,0.025,21.33490692466819,1,1.9784554809642327,27,,,,
-8097414,2021,7.0,38.72637189839257,-119.70051160892623,0.03962125,0.0525462499999999,0.0531099999999999,0.1432,0.13240625,0.12434875,0.37486476,-0.0057818303,0.06255029,75,21,0.0,1,2156,16.308466,292.78613,0.12765552,0.025,21.33490692466819,1,7.261276767433931,27,,,,
-8092024,2021,7.0,38.74433820407496,-119.66457899756146,0.03500125,0.04520375,0.04712875,0.13732875,0.1081237499999999,0.0855875,0.48786232,0.114127606,0.2972968,71,22,1.0,1,1996,28.931509,307.9524,0.1195806,0.024,21.33490692466819,1,0.7814179407432675,27,,,,
-8088431,2021,7.0,38.708405592710186,-119.5927137748319,0.0390987499999999,0.0518725,0.055695,0.2005375,0.1505425,0.1017575,0.5612138,0.114400804,0.35256723,39,21,0.0,1,2418,6.611975,314.28723,0.11249504,0.022000002,22.554006072013635,1,2.5012031732046087,27,,,,
-8086635,2021,7.0,38.74433820407496,-119.6106800805143,0.04545125,0.0601224999999999,0.0627625,0.18479375,0.16122625,0.1140637499999999,0.52989167,0.084224895,0.2940385,40,21,0.0,1,2404,20.670267,19.273382,0.1195806,0.024,22.554006072013635,1,1.722760788043556,27,,,,
-8086634,2021,7.0,38.708405592710186,-119.57474746914951,0.0478025,0.066805,0.0720025,0.19611,0.1517525,0.1155074999999999,0.51228666,0.12028079,0.3208138,41,21,0.0,1,2237,22.040876,50.227287,0.11249504,0.022000002,22.554006072013635,1,0.5473081734539433,27,,,,
-8084838,2021,7.0,38.76230450975736,-119.6106800805143,0.0443925,0.0535912499999999,0.0584999999999999,0.14475375,0.14392875,0.1123587499999999,0.42047384,0.001716816,0.17222835,35,22,1.0,1,2131,18.035658,333.49298,0.1195806,0.024,22.906240615024387,1,1.0024467712606897,27,,,,
-8079447,2020,11.0,38.58264145293345,-119.37711810664322,0.1550524999999999,0.2047999999999999,0.2310074999999999,0.275695,0.1075875,0.0831675,0.088192776,0.43859947,0.5364938,45,6,0.0,1,2275,8.247968,270.0,0.11363659,0.045,2.049058511522105,1,0.1734176580996617,14,,,,
-8077651,2021,7.0,38.78027081543974,-119.55678116346712,0.0404599999999999,0.0494799999999999,0.0540725,0.1278,0.1105574999999999,0.1002449999999999,0.40538013,0.07233882,0.2442325,31,22,1.0,1,2256,12.91175,244.933,0.11249504,0.022000002,22.906240615024387,1,0.5710902728606015,27,,,,
-8045312,2024,6.0,38.00771967109696,-118.46083651684133,0.0126025,0.0417799999999999,0.04682625,0.12712625,0.1260399999999999,0.11009,0.47390634,-0.044583313,0.011047533,40,24,0.0,1,2391,12.970372,10.276523,0.084149875,0.013,21.81714833577479,1,0.1357770920903594,56,,,,
