grid_id,year,month,latitude,longitude,predicted_risk_probability,predicted_risk_level,suggested_action,ndvi,ndmi,nbr,soil_moisture,precipitation,temperature_c,burned_this_month,night_lights,prediction_source
-8435180,2020,7.0,36.193122797175526,-120.5449279759986,0.071291804,Low,Continue standard monitoring.,0.32611474,-0.026415333,0.07721605,0.077991575,0.0,26.521291269281903,1,6.235226183889374,xgboost
-8386671,2021,2.0,36.678213050600064,-120.5449279759986,0.0615316,Low,Continue standard monitoring.,0.1041917,-0.13565446,-0.080250114,0.22621316,0.023000002,11.504455707186764,1,0.1589108777698129,xgboost
-8332773,2021,11.0,36.49854999377616,-119.82627574870298,0.8217511,High,Prioritize for closer monitoring.,0.63231814,0.18417612,0.41328993,0.1756728,0.025,14.65187377929692,1,1.7063399136066435,xgboost
-8262704,2021,9.0,36.01345974035162,-118.6404995736652,0.30987585,Low,Continue standard monitoring.,0.6209051,0.27352494,0.53712964,0.08056546,0.009000001,19.518794695536315,1,2.219888397532961,xgboost
-8260908,2021,9.0,36.01345974035162,-118.62253326798282,0.054841805,Low,Continue standard monitoring.,0.7125873,0.30280453,0.54396725,0.085741125,0.009000001,19.518794695536315,1,2.984039524003216,xgboost
-8259111,2021,9.0,36.01345974035162,-118.60456696230042,0.005874641,Low,Continue standard monitoring.,0.5258461,0.07887593,0.28451017,0.085741125,0.009000001,19.518794695536315,1,1.1207172170929287,xgboost
-8257315,2021,9.0,36.01345974035162,-118.58660065661805,0.048838954,Low,Continue standard monitoring.,0.5678229,0.22469585,0.44665065,0.085741125,0.011000001,19.518794695536315,1,0.8864919187744027,xgboost
-8257314,2021,9.0,36.03142604603401,-118.60456696230042,0.010302324,Low,Continue standard monitoring.,0.32375234,0.2991702,0.44079125,0.085741125,0.009000001,19.518794695536315,1,8.267800069488585,xgboost
-8255518,2021,9.0,36.03142604603401,-118.58660065661805,0.031463485,Low,Continue standard monitoring.,0.5008182,0.14815061,0.31275627,0.085741125,0.011000001,19.518794695536315,1,1.3559985806274673,xgboost
-8255517,2021,9.0,36.08532496308118,-118.6404995736652,0.35936764,Medium,Review during seasonal planning.,0.7670909,0.34225315,0.63573074,0.08822596,0.009000001,19.09175476498075,1,2.722322802704114,xgboost
-8253721,2021,9.0,36.03142604603401,-118.56863435093564,0.9267612,High,Prioritize for closer monitoring.,0.64473414,0.3281231,0.5722337,0.085741125,0.011000001,19.518794695536315,1,1.633312405164664,xgboost
-8251925,2020,9.0,36.21108910285791,-118.73033110207716,0.014491712,Low,Continue standard monitoring.,0.20879313,-0.12117242,-0.16546525,0.09536946,0.007,20.55232151879204,1,1.582099656574428,xgboost
-8251925,2021,9.0,36.01345974035162,-118.53270173957088,0.041765865,Low,Continue standard monitoring.,0.48834667,0.09101001,0.34999073,0.09758113,0.011000001,19.197681956821043,1,4.552388374209404,xgboost
-8251924,2021,9.0,36.03142604603401,-118.55066804525326,0.014238561,Low,Continue standard monitoring.,0.5573983,0.058454927,0.31514493,0.09758113,0.011000001,19.518794695536315,1,2.361923376023769,xgboost
-8250128,2021,9.0,36.08532496308118,-118.58660065661805,0.043813102,Low,Continue standard monitoring.,0.6179817,0.21995799,0.48810706,0.09577223,0.011000001,19.09175476498075,1,0.4698368356778071,xgboost
-8250127,2020,9.0,36.30092063126987,-118.80219632480672,0.030694056,Low,Continue standard monitoring.,0.4859257,0.2624726,0.5390607,0.09536946,0.006,22.44532282087539,1,1.0535937340723145,xgboost
-8248331,2020,9.0,36.2470217142227,-118.73033110207716,0.010648978,Low,Continue standard monitoring.,0.27950153,-0.07057664,0.041196633,0.09536946,0.007,20.55232151879204,1,0.8286586885704942,xgboost
-8248331,2021,9.0,36.0493923517164,-118.53270173957088,0.9743267,High,Prioritize for closer monitoring.,0.65653074,0.36494175,0.6128763,0.09758113,0.011000001,19.197681956821043,1,1.909816122613848,xgboost
-8246535,2020,9.0,36.12125757444596,-118.58660065661805,0.2452792,Low,Continue standard monitoring.,0.7256605,0.57793146,0.761713,0.08823072,0.008,20.29738445281987,1,5.681713567473567,xgboost
-8246535,2021,9.0,36.06735865739879,-118.53270173957088,0.84382325,High,Prioritize for closer monitoring.,0.55906636,0.12828755,0.3602413,0.09758113,0.011000001,19.605168935987702,1,1.297176704974845,xgboost
-8246534,2020,9.0,36.10329126876357,-118.56863435093564,0.078528665,Low,Continue standard monitoring.,0.5412752,0.18367104,0.31859064,0.08823072,0.008,20.29738445281987,1,2.0459371124549457,xgboost
-8246534,2021,9.0,36.0493923517164,-118.51473543388848,0.10094549,Low,Continue standard monitoring.,0.53983015,0.09833733,0.35437414,0.09758113,0.011000001,19.197681956821043,1,1.1221847620606422,xgboost
-8244738,2020,9.0,36.12125757444596,-118.56863435093564,0.019009894,Low,Continue standard monitoring.,0.43230632,0.11950862,0.21992797,0.08823072,0.008,20.29738445281987,1,5.51070547118783,xgboost
-8244738,2021,9.0,36.06735865739879,-118.51473543388848,0.16895527,Low,Continue standard monitoring.,0.64291716,0.24560672,0.50763875,0.09758113,0.011000001,19.605168935987702,1,0.920120598077774,xgboost
-8244737,2020,9.0,36.193122797175526,-118.6404995736652,0.90861845,High,Prioritize for closer monitoring.,0.17372239,-0.08612723,-0.10569882,0.09571693,0.007,18.99103137122262,1,0.5041731793595396,xgboost
-8242941,2020,9.0,36.12125757444596,-118.55066804525326,0.29971927,Low,Continue standard monitoring.,0.771192,0.27444217,0.36157,0.08792739,0.008,20.29738445281987,1,4.361544174038702,xgboost
-8242941,2021,9.0,36.08532496308118,-118.51473543388848,0.22490062,Low,Continue standard monitoring.,0.57036877,0.13115467,0.3762965,0.106388375,0.011000001,19.605168935987702,1,0.8349705170094966,xgboost
-8241145,2020,9.0,36.12125757444596,-118.53270173957088,0.0051996633,Low,Continue standard monitoring.,0.4331468,0.13652709,0.23059979,0.08792739,0.008,20.649277899000424,1,6.559335399901977,xgboost
-8241145,2024,8.0,36.35481954831704,-118.76626371344194,0.06464511,Low,Continue standard monitoring.,0.61064976,0.19232245,0.46951467,0.0954518,0.004,22.48306203452489,1,5.201462032273412,xgboost
-8241144,2020,9.0,36.08532496308118,-118.49676912820608,0.28925288,Low,Continue standard monitoring.,0.6104643,0.1633659,0.3803702,0.08792739,0.007,20.649277899000424,1,2.8498766111955045,xgboost
-8239348,2020,9.0,36.13922388012835,-118.53270173957088,0.946881,High,Prioritize for closer monitoring.,0.59317124,0.20466572,0.3606865,0.08792739,0.008,20.649277899000424,1,2.820901670069857,xgboost
-8239348,2022,7.0,37.52262941767241,-119.91610727711492,0.08040982,Low,Continue standard monitoring.,0.6131409,0.11083817,0.40711227,0.071992256,0.004,26.134651335849583,1,0.4098263397616775,xgboost
-8239348,2024,8.0,36.372785853999424,-118.76626371344194,0.018533727,Low,Continue standard monitoring.,0.5624784,0.14537118,0.3873383,0.0954518,0.004,22.48306203452489,1,4.350034989278625,xgboost
-8239347,2020,9.0,36.15719018581074,-118.55066804525326,0.0583889,Low,Continue standard monitoring.,0.26825535,0.1216806,0.188989,0.08792739,0.008,18.99103137122262,1,0.437022197060287,xgboost
-8239347,2020,11.0,36.15719018581074,-118.55066804525326,0.016644767,Low,Continue standard monitoring.,0.2033603,-0.29354867,-0.38363558,0.14356276,0.043,5.012008815341574,1,0.147122392007573,xgboost
-8237552,2022,7.0,37.52262941767241,-119.89814097143254,0.093196794,Low,Continue standard monitoring.,0.67912173,0.18121456,0.48045224,0.071992256,0.004,26.134651335849583,1,0.450989693403244,xgboost
-8237552,2024,8.0,36.40871846536421,-118.78423001912434,0.15562972,Low,Continue standard monitoring.,0.7669391,0.2826982,0.5735856,0.10579433,0.004,22.48306203452489,1,2.117581731191388,xgboost
-8237551,2020,9.0,36.10329126876357,-118.47880282252368,0.14736241,Low,Continue standard monitoring.,0.6840964,0.25795057,0.52449757,0.0959783,0.008,20.649277899000424,1,1.7806812717020513,xgboost
-8237551,2020,11.0,36.175156491493134,-118.55066804525326,0.058845792,Low,Continue standard monitoring.,0.12869048,0.42476323,0.48717147,0.1433844,0.043,5.012008815341574,1,0.1820060200989246,xgboost
-8235755,2020,9.0,36.12125757444596,-118.47880282252368,0.023439862,Low,Continue standard monitoring.,0.42137304,0.10393548,0.19585675,0.0959783,0.008,20.649277899000424,1,2.791879030615091,xgboost
-8235755,2022,7.0,37.52262941767241,-119.88017466575016,0.86628443,High,Prioritize for closer monitoring.,0.48766232,0.019384438,0.2938235,0.071992256,0.004,26.134651335849583,1,0.4955746077001094,xgboost
-8235755,2024,8.0,36.40871846536421,-118.76626371344194,0.07722319,Low,Continue standard monitoring.,0.72635883,0.27816087,0.56698674,0.10579433,0.004,22.48306203452489,1,11.58824535466444,xgboost
-8235755,2024,9.0,36.4266847710466,-118.78423001912434,0.5734813,Medium,Review during seasonal planning.,0.59718925,0.12645824,0.3691237,0.1069819,0.008,20.204938867357043,1,1.3383419530000538,xgboost
-8235754,2020,9.0,36.13922388012835,-118.49676912820608,0.09845793,Low,Continue standard monitoring.,0.4232167,0.15687837,0.2257785,0.08792739,0.008,20.649277899000424,1,6.563384829805448,xgboost
-8233958,2020,9.0,36.2470217142227,-118.58660065661805,0.006678601,Low,Continue standard monitoring.,0.121271074,-0.10776653,-0.19717914,0.09875464,0.008,18.99103137122262,1,0.3562696158885955,xgboost
-8233958,2020,10.0,36.372785853999424,-118.71236479639477,0.059171245,Low,Continue standard monitoring.,0.09896058,-0.21465841,-0.29216927,0.099979,0.014,13.408839531355056,1,1.129406777676195,xgboost
-8233958,2021,10.0,36.534482605140944,-118.87406154753629,0.024525855,Low,Continue standard monitoring.,0.12158282,-0.24678305,-0.2841049,0.18908435,0.055000003,15.15301288891868,1,1.2861293760177337,xgboost
-8233958,2022,7.0,37.52262941767241,-119.86220836006775,0.10555379,Low,Continue standard monitoring.,0.7255256,0.26179853,0.55021954,0.071992256,0.004,26.134651335849583,1,0.5163127200579957,xgboost
-8233958,2024,8.0,36.40871846536421,-118.74829740775957,0.04228409,Low,Continue standard monitoring.,0.71641845,0.2539217,0.5156228,0.10579433,0.004,17.91256314759613,1,10.08100887822608,xgboost
-8233957,2020,9.0,36.15719018581074,-118.49676912820608,0.017403016,Low,Continue standard monitoring.,0.13609815,-0.2059527,-0.30288884,0.08792739,0.008,20.16925674014624,1,3.847474337272022,xgboost
-8232162,2020,9.0,36.21108910285791,-118.53270173957088,0.006082409,Low,Continue standard monitoring.,0.14425534,-0.2494529,-0.31604248,0.09610006,0.008,20.16925674014624,1,1.8764360480755569,xgboost
-8232162,2022,7.0,37.52262941767241,-119.84424205438536,0.9193145,High,Prioritize for closer monitoring.,0.6786116,0.17510346,0.467997,0.071992256,0.004,25.25800273033883,1,0.3179474129445023,xgboost
-8232162,2024,7.0,36.01345974035162,-118.33507237706458,0.095619336,Low,Continue standard monitoring.,0.42681685,-0.077706605,0.080453515,0.111453995,0.010000001,20.63410718774287,1,0.5775708953983018,xgboost
-8232161,2020,9.0,36.10329126876357,-118.42490390547653,0.00849523,Low,Continue standard monitoring.,0.15966116,-0.24214487,-0.29564744,0.0959783,0.008,19.45991971757678,1,0.8746022560101535,xgboost
-8232161,2020,10.0,36.372785853999424,-118.6943984907124,0.034787502,Low,Continue standard monitoring.,0.1249929,-0.25930035,-0.35693988,0.099979,0.015000001,13.408839531355056,1,1.724450683221221,xgboost
-8232161,2021,9.0,36.480583688093766,-118.80219632480672,0.01423241,Low,Continue standard monitoring.,0.46520263,-0.016845806,0.23441584,0.10417274,0.009000001,21.355735884772457,1,4.10438691591844,xgboost
-8232161,2022,7.0,37.5585620290372,-119.88017466575016,0.032558218,Low,Continue standard monitoring.,0.39637414,0.029459482,0.23034982,0.073530674,0.004,25.708121912966533,1,0.3596737285455068,xgboost
-8230365,2020,8.0,36.12125757444596,-118.42490390547653,0.035308417,Low,Continue standard monitoring.,0.41814852,-0.033603653,0.10670007,0.11307034,0.0050000004,21.572526324692603,1,2.0060938518770315,xgboost
-8230365,2020,9.0,37.03753916424788,-119.34118549527844,0.01193576,Low,Continue standard monitoring.,0.063028574,-0.016046027,-0.032612864,0.09675279,0.012,23.35737251705598,1,1.0810227337479592,xgboost
-8230365,2021,9.0,36.480583688093766,-118.78423001912434,0.02586773,Low,Continue standard monitoring.,0.28237197,0.23984116,0.44040367,0.10417274,0.009000001,21.355735884772457,1,7.425999227635287,xgboost
-8230365,2021,10.0,36.62431413355289,-118.92796046458344,0.90049714,High,Prioritize for closer monitoring.,0.18056986,-0.033448104,-0.058215976,0.18467844,0.066,11.762500771143152,1,4.87109673150668,xgboost
-8230365,2022,7.0,37.57652833471958,-119.88017466575016,0.051653594,Low,Continue standard monitoring.,0.7621999,0.29739377,0.5817422,0.073530674,0.004,25.708121912966533,1,0.3010238005469243,xgboost
-8230365,2024,7.0,36.01345974035162,-118.31710607138218,0.08152719,Low,Continue standard monitoring.,0.5859061,0.17380571,0.29493627,0.11612503,0.010000001,20.63410718774287,1,0.214930153705857,xgboost
-8230365,2024,9.0,36.4266847710466,-118.73033110207716,0.31479007,Low,Continue standard monitoring.,0.38596717,-0.067236856,0.09123097,0.1069819,0.008,15.553720876905686,1,4.200400149294485,xgboost
-8230364,2020,9.0,37.07347177561265,-119.37711810664322,0.017975543,Low,Continue standard monitoring.,0.0040644156,0.021557469,0.0031264431,0.10040657,0.012,22.784290377298987,1,1.1471910117349278,xgboost
-8230364,2021,10.0,36.642280439235286,-118.94592677026584,0.10464631,Low,Continue standard monitoring.,0.28447318,-0.029236473,0.15399452,0.18467844,0.066,11.762500771143152,1,1.8436046356335285,xgboost
-8230364,2022,7.0,37.5585620290372,-119.86220836006775,0.033009972,Low,Continue standard monitoring.,0.6115137,0.1335563,0.4019935,0.073530674,0.004,25.708121912966533,1,0.4164670832041237,xgboost
-8228569,2021,9.0,36.49854999377616,-118.78423001912434,0.01728095,Low,Continue standard monitoring.,0.5076647,0.017899744,0.30505043,0.11038716,0.009000001,21.355735884772457,1,2.57871589730852,xgboost
-8228568,2020,9.0,36.21108910285791,-118.49676912820608,0.018605778,Low,Continue standard monitoring.,0.12478423,-0.155453,-0.23333526,0.09610006,0.008,20.16925674014624,1,2.0053526147234217,xgboost
-8228568,2021,9.0,36.57041521650572,-118.8560952418539,0.03139542,Low,Continue standard monitoring.,0.0027087785,0.28772545,0.57534915,0.11754622,0.009000001,20.76942132314048,1,3.911892855181717,xgboost
-8228568,2021,10.0,36.642280439235286,-118.92796046458344,0.054003615,Low,Continue standard monitoring.,0.23203108,0.088168316,0.3452944,0.18467844,0.066,11.762500771143152,1,1.82967987023294,xgboost
-8228568,2022,7.0,37.540595723354805,-119.82627574870298,0.114307806,Low,Continue standard monitoring.,0.7435968,0.2701561,0.567183,0.08668581,0.004,25.25800273033883,1,0.4210392489201492,xgboost
-8228568,2022,9.0,37.21720222107178,-119.50288224641994,0.045456424,Low,Continue standard monitoring.,0.44029406,-0.025279945,0.12865417,0.10859367,0.024,22.540112919277647,1,1.2548108355452616,xgboost
-8226772,2020,9.0,37.00160655288309,-119.26932027254888,0.046104092,Low,Continue standard monitoring.,0.31558582,0.0076361694,0.14801107,0.10686065,0.011000001,23.35737251705598,1,4.3618291440204935,xgboost
-8226772,2021,9.0,36.46261738241138,-118.73033110207716,0.09944593,Low,Continue standard monitoring.,0.7156678,0.37509343,0.63496,0.10417274,0.009000001,16.78428406185577,1,3.6023184835910795,xgboost
-8226772,2021,10.0,36.66024674491767,-118.92796046458344,0.9015223,High,Prioritize for closer monitoring.,0.15826346,0.32804587,0.5848242,0.1997049,0.066,8.330668508878318,1,0.7393739274702966,xgboost
-8226772,2022,7.0,37.57652833471958,-119.84424205438536,0.0072676404,Low,Continue standard monitoring.,0.6946318,0.20787552,0.4822857,0.073530674,0.004,24.878889092066004,1,1.5339164857409502,xgboost
-8226771,2020,9.0,37.01957285856548,-119.28728657823126,0.041016936,Low,Continue standard monitoring.,0.07447414,0.025414422,0.036548827,0.09675279,0.011000001,23.35737251705598,1,0.848845981378955,xgboost
-8226771,2021,8.0,36.28295432558748,-118.55066804525326,0.005664499,Low,Continue standard monitoring.,0.23376207,-0.19268665,-0.21362968,0.106969446,0.003,17.451466968495367,1,10.493815117670843,xgboost
-8226771,2021,9.0,36.57041521650572,-118.8381289361715,0.106935345,Low,Continue standard monitoring.,0.011343221,0.23312296,0.4562465,0.11754622,0.009000001,18.23889831966824,1,2.529638876207173,xgboost
-8226771,2021,10.0,36.642280439235286,-118.90999415890109,0.92072827,High,Prioritize for closer monitoring.,0.40560737,-0.009724077,0.15194488,0.18467844,0.066,11.762500771143152,1,1.1187129052769806,xgboost
-8226771,2022,7.0,37.5585620290372,-119.82627574870298,0.08051223,Low,Continue standard monitoring.,0.6316258,0.15454128,0.4249836,0.08668581,0.004,24.878889092066004,1,0.2942083639403184,xgboost
-8224975,2020,9.0,36.12125757444596,-118.37100498842936,0.08994437,Low,Continue standard monitoring.,0.4083243,-0.039088957,0.13937612,0.10382284,0.008,19.45991971757678,1,1.4908943194206117,xgboost
-8224975,2021,9.0,36.51651629945855,-118.76626371344194,0.014224111,Low,Continue standard monitoring.,0.4395214,-0.07381634,0.18801445,0.11038716,0.010000001,21.355735884772457,1,1.9169198588095608,xgboost
-8224975,2021,10.0,36.6063478278705,-118.8560952418539,0.027790146,Low,Continue standard monitoring.,0.2293378,-0.17623548,-0.165162,0.20065793,0.053000003,11.762500771143152,1,2.13330677136158,xgboost
-8224975,2022,7.0,37.57652833471958,-119.82627574870298,0.023783593,Low,Continue standard monitoring.,0.50743234,0.088036366,0.30008405,0.08668581,0.004,24.878889092066004,1,2.801227674074471,xgboost
-8224975,2024,7.0,36.01345974035162,-118.263207154335,0.011343796,Low,Continue standard monitoring.,0.40278327,0.03675558,0.12215318,0.11612503,0.010000001,20.63410718774287,1,0.8482560905395076,xgboost
-8224974,2020,9.0,37.127370692659824,-119.37711810664322,0.27542043,Low,Continue standard monitoring.,0.042566217,0.008552801,0.04223823,0.10040657,0.016,22.784290377298987,1,1.3020153124989182,xgboost
-8224974,2021,10.0,36.642280439235286,-118.89202785321868,0.024115996,Low,Continue standard monitoring.,0.17708015,-0.14328818,-0.14726621,0.18467844,0.053000003,11.762500771143152,1,1.0515356874093411,xgboost
-8223179,2021,9.0,36.55244891082333,-118.78423001912434,0.9313525,High,Prioritize for closer monitoring.,0.6933955,0.20477629,0.50541025,0.11038716,0.010000001,18.23889831966824,1,1.9366679649489624,xgboost
-8223178,2020,9.0,37.10940438697744,-119.34118549527844,0.01219446,Low,Continue standard monitoring.,0.02230086,-0.13185598,-0.20109685,0.10040657,0.016,20.56194337209069,1,0.7663408403319342,xgboost
-8223178,2021,9.0,36.57041521650572,-118.80219632480672,0.018859318,Low,Continue standard monitoring.,0.35191107,0.30918172,0.4282868,0.11754622,0.009000001,18.23889831966824,1,13.190986238109568,xgboost
-8223178,2021,10.0,36.6063478278705,-118.8381289361715,0.09580169,Low,Continue standard monitoring.,-0.079985954,0.3369799,0.46322545,0.20065793,0.053000003,9.237874070034252,1,1.3670951454744984,xgboost
-8221382,2020,8.0,36.21108910285791,-118.42490390547653,0.052780375,Low,Continue standard monitoring.,0.4948639,0.020738026,0.20867363,0.124536105,0.0050000004,22.466361905169776,1,0.5690167500051083,xgboost
-8221382,2020,9.0,37.145336998342216,-119.35915180096084,0.02656138,Low,Continue standard monitoring.,0.027635617,-0.08690841,-0.1461381,0.10040657,0.016,22.784290377298987,1,1.6343660132790154,xgboost
-8221382,2021,10.0,36.69617935628246,-118.90999415890109,0.07511528,Low,Continue standard monitoring.,0.18106811,0.12414743,0.2575222,0.1997049,0.066,8.330668508878318,1,3.740858817767156,xgboost
-8221381,2020,8.0,36.193122797175526,-118.40693759979412,0.17758124,Low,Continue standard monitoring.,0.47259453,0.049359385,0.22672011,0.124536105,0.0050000004,22.466361905169776,1,0.7011024477958147,xgboost
-8221381,2020,9.0,36.13922388012835,-118.35303868274696,0.022343008,Low,Continue standard monitoring.,0.2667761,-0.15143222,-0.10002842,0.10382284,0.008,19.45991971757678,1,0.6284009171994748,xgboost
-8221381,2021,10.0,36.642280439235286,-118.8560952418539,0.10384807,Low,Continue standard monitoring.,0.013008482,0.317755,0.5260036,0.20065793,0.053000003,11.762500771143152,1,1.9128252689383527,xgboost
-8219585,2020,9.0,37.145336998342216,-119.34118549527844,0.10091803,Low,Continue standard monitoring.,0.014985416,-0.09059894,-0.14008325,0.10040657,0.016,20.56194337209069,1,1.1031785598024726,xgboost
-8219585,2021,9.0,36.58838152218812,-118.78423001912434,0.204882,Low,Continue standard monitoring.,0.6158895,0.1372972,0.4050136,0.11754622,0.010000001,18.23889831966824,1,1.2120003125816583,xgboost
-8219585,2021,10.0,36.69617935628246,-118.89202785321868,0.3156222,Low,Continue standard monitoring.,0.1837609,0.3120449,0.45633677,0.1997049,0.053000003,8.330668508878318,1,1.4937405208235277,xgboost
-8219585,2024,7.0,36.89380871878875,-119.08965721572496,0.2679602,Low,Continue standard monitoring.,0.6992776,0.306629,0.5793643,0.13686112,0.0050000004,26.355692369194458,1,0.1251016701054242,xgboost
-8219585,2025,8.0,36.89380871878875,-119.08965721572496,0.17929445,Low,Continue standard monitoring.,0.51639634,0.16887832,0.4425181,0.12247206,0.008,23.643352762858115,1,2.394052956874172,xgboost
-8219584,2020,9.0,37.127370692659824,-119.32321918959605,0.0072869663,Low,Continue standard monitoring.,0.10315607,-0.22227187,-0.2455511,0.10040657,0.016,20.56194337209069,1,0.7208891323319188,xgboost
-8217789,2020,9.0,37.181269609707,-119.35915180096084,0.39477548,Medium,Review during seasonal planning.,0.13739105,0.11335117,0.3204768,0.10040657,0.016,21.476789834764304,1,0.6812292544636875,xgboost
-8217789,2021,9.0,36.6063478278705,-118.78423001912434,0.9423335,High,Prioritize for closer monitoring.,0.6437055,0.3039072,0.54620796,0.11754622,0.011000001,18.23889831966824,1,0.4794274903833866,xgboost
-8217788,2020,8.0,36.229055408540304,-118.40693759979412,0.048139874,Low,Continue standard monitoring.,0.5623998,0.13539721,0.34781727,0.124536105,0.0050000004,22.466361905169776,1,0.312385829595419,xgboost
-8217788,2020,9.0,37.145336998342216,-119.32321918959605,0.018111145,Low,Continue standard monitoring.,0.039347246,-0.21742278,-0.30500534,0.10040657,0.016,20.56194337209069,1,0.8582700872793794,xgboost
-8217788,2021,10.0,36.51651629945855,-118.6943984907124,0.96332556,High,Prioritize for closer monitoring.,0.4303311,0.21077777,0.28450352,0.17852402,0.05,7.863693122453583,1,0.7022663416340947,xgboost
-8217788,2025,9.0,37.00160655288309,-119.17948874413692,0.04142634,Low,Continue standard monitoring.,0.36790717,-0.0128724845,0.095611125,0.17292279,0.028,18.78905932108563,1,1.2390162980272657,xgboost
-8215992,2020,8.0,36.229055408540304,-118.38897129411174,0.020106938,Low,Continue standard monitoring.,0.58787364,0.10726592,0.3241302,0.1260086,0.006,22.466361905169776,1,0.2615692366659641,xgboost
-8215992,2020,9.0,37.145336998342216,-119.30525288391364,0.017772881,Low,Continue standard monitoring.,0.11295444,-0.08279565,-0.085846685,0.10040657,0.016,20.56194337209069,1,0.7864716749776293,xgboost
-8215992,2020,11.0,37.25313483243656,-119.413050718008,0.9103808,High,Prioritize for closer monitoring.,0.22264324,0.44343618,0.6024955,0.21165994,0.081,5.314200655619345,1,0.167389184443487,xgboost
-8215992,2021,10.0,36.51651629945855,-118.67643218503,0.92062753,High,Prioritize for closer monitoring.,0.45797652,0.28956234,0.4548334,0.17852402,0.05,7.863693122453583,1,0.7509634099900723,xgboost
-8215992,2025,8.0,36.89380871878875,-119.05372460436018,0.12720281,Low,Continue standard monitoring.,0.62333083,0.20767619,0.49045298,0.12247206,0.008,23.643352762858115,1,0.4829050492802101,xgboost
-8215991,2020,9.0,37.16330330402461,-119.32321918959605,0.07991807,Low,Continue standard monitoring.,0.029683838,-0.0706605,-0.120688245,0.10040657,0.016,18.91290637122262,1,0.5771896035596729,xgboost
-8214195,2020,9.0,36.193122797175526,-118.33507237706458,0.017374737,Low,Continue standard monitoring.,0.13583933,-0.2568039,-0.33127597,0.11058148,0.008,17.357282998826804,1,0.3525041046690333,xgboost
-8214195,2021,2.0,37.82805661427305,-119.9700061941621,0.025436515,Low,Continue standard monitoring.,0.5398411,0.06142905,0.26956397,0.30198961,0.095000006,5.051909087953163,1,0.1638868098859401,xgboost
-8214195,2021,10.0,36.62431413355289,-118.76626371344194,0.9447475,High,Prioritize for closer monitoring.,-0.04368295,0.24053976,0.24377453,0.20065793,0.048,9.237874070034252,1,1.504615687886658,xgboost
-8214195,2025,8.0,36.89380871878875,-119.0357582986778,0.019264922,Low,Continue standard monitoring.,0.52498114,0.118127406,0.31626037,0.15125887,0.008,21.605579220351387,1,1.290693701654673,xgboost
-8214195,2025,9.0,36.96567394151831,-119.10762352140736,0.33664605,Medium,Review during seasonal planning.,0.52469075,-0.086573094,0.020398702,0.19782613,0.029000001,16.426361295912045,1,3.1815142141316426,xgboost
-8212399,2020,9.0,37.181269609707,-119.30525288391364,0.9415052,High,Prioritize for closer monitoring.,0.018130967,-0.043845806,-0.05336094,0.10040657,0.016,18.91290637122262,1,1.7365983937365503,xgboost
-8212399,2025,8.0,36.89380871878875,-119.0177919929954,0.01930326,Low,Continue standard monitoring.,0.57605535,0.14414835,0.4082937,0.15125887,0.008,21.605579220351387,1,5.525123358797282,xgboost
-8212398,2020,9.0,37.127370692659824,-119.25135396686647,0.054840855,Low,Continue standard monitoring.,0.22751366,0.19311522,0.31715503,0.13372609,0.014,20.56194337209069,1,1.4216438738540524,xgboost
-8212398,2021,2.0,37.82805661427305,-119.95203988847972,0.025419965,Low,Continue standard monitoring.,0.5201792,0.0048862062,0.20136198,0.30198961,0.095000006,5.051909087953163,1,0.1413173518247074,xgboost
-8210602,2020,8.0,36.21108910285791,-118.31710607138218,0.036385223,Low,Continue standard monitoring.,0.45099252,0.061103303,0.19824108,0.12962545,0.006,19.319995662730264,1,0.5107286984899214,xgboost
-8210602,2020,9.0,36.318886936952254,-118.42490390547653,0.0045329696,Low,Continue standard monitoring.,0.36553934,0.057393808,0.11551421,0.10340137,0.009000001,19.36357368893096,1,4.00396857065735,xgboost
-8210602,2021,2.0,37.917888142685,-120.02390511120927,0.0313854,Low,Continue standard monitoring.,0.35225528,-0.17894259,-0.06498431,0.32038975,0.102000006,3.664478261130228,1,0.1165576544072893,xgboost
-8210602,2025,8.0,36.91177502447114,-119.0177919929954,0.053942226,Low,Continue standard monitoring.,0.51035196,0.094874285,0.29765278,0.15125887,0.009000001,21.605579220351387,1,1.0889747759792954,xgboost
-8210601,2020,9.0,37.127370692659824,-119.2333876611841,0.46382606,Medium,Review during seasonal planning.,0.18102002,0.17199245,0.25540277,0.13372609,0.014,17.92018176184763,1,0.8015642289072276,xgboost
-8210601,2025,9.0,37.01957285856548,-119.12558982708975,0.65172786,Medium,Review during seasonal planning.,0.56552,0.222423,0.45582783,0.17292279,0.028,16.426361295912045,1,1.6128195186978893,xgboost
-8208806,2020,9.0,37.181269609707,-119.26932027254888,0.9779719,High,Prioritize for closer monitoring.,0.012065562,0.029551016,0.034462783,0.13372609,0.014,18.91290637122262,1,0.690510879456997,xgboost
-8208806,2022,7.0,37.52262941767241,-119.6106800805143,0.93009967,High,Prioritize for closer monitoring.,0.523919,0.21410441,0.38137877,0.11105084,0.006,20.2769590685445,1,1.3766501090592809,xgboost
-8208805,2020,9.0,36.229055408540304,-118.31710607138218,0.025492277,Low,Continue standard monitoring.,0.1311943,-0.22892982,-0.2856689,0.11449808,0.008,17.357282998826804,1,0.3394194142548022,xgboost
-8208805,2021,2.0,37.846022919955445,-119.93407358279732,0.010960187,Low,Continue standard monitoring.,0.329659,-0.21720909,-0.11415967,0.2729915,0.095000006,2.8713380314055144,1,0.0998997574582544,xgboost
-8207009,2020,9.0,37.145336998342216,-119.2154213555017,0.91691583,High,Prioritize for closer monitoring.,0.09690752,0.018396989,0.029992634,0.13372609,0.014,17.92018176184763,1,0.5063120791316033,xgboost
-8207009,2021,2.0,37.86398922563783,-119.93407358279732,0.13448402,Low,Continue standard monitoring.,0.4612325,-0.08214512,0.09901029,0.2729915,0.095000006,2.235156972067728,1,0.111050164559856,xgboost
-8207009,2022,7.0,37.52262941767241,-119.5927137748319,0.9025,High,Prioritize for closer monitoring.,0.34194273,0.021913774,0.08744643,0.12634331,0.007,20.2769590685445,1,0.7738975423442966,xgboost
-8207008,2020,9.0,36.2470217142227,-118.31710607138218,0.10456484,Low,Continue standard monitoring.,0.20922656,-0.1680533,-0.17975639,0.11449808,0.008,17.357282998826804,1,2.78518853496228,xgboost
-8207008,2025,9.0,36.92974133015353,-118.99982568731302,0.03868199,Low,Continue standard monitoring.,0.23535898,-0.27155542,-0.22620624,0.19913723,0.032,17.539631695217565,1,1.5050532234211762,xgboost
-8205212,2020,9.0,37.181269609707,-119.2333876611841,0.048375502,Low,Continue standard monitoring.,0.04266603,-0.08392307,-0.07464076,0.13372609,0.014,15.88660700056289,1,1.116228318056808,xgboost
-8205212,2020,11.0,37.235168526754165,-119.28728657823126,0.013507702,Low,Continue standard monitoring.,0.25528982,-0.26235598,-0.3059375,0.21165994,0.080000006,4.156740803188768,1,0.1544301563229125,xgboost
-8205212,2021,2.0,37.935854448367394,-119.98797249984447,0.019817913,Low,Continue standard monitoring.,0.4474568,-0.07318627,0.113501646,0.22239345,0.091000006,3.664478261130228,1,0.1134708841434783,xgboost
-8205212,2022,1.0,37.917888142685,-119.9700061941621,0.027011132,Low,Continue standard monitoring.,0.5015823,-0.019574303,0.18102774,0.32147902,0.083000004,3.740285656016397,1,0.2171434909881403,xgboost
-8205212,2022,7.0,37.52262941767241,-119.57474746914951,0.09627641,Low,Continue standard monitoring.,0.30619237,-0.047921456,0.012580918,0.12634331,0.007,20.2769590685445,1,9.949028866365552,xgboost
-8205211,2020,9.0,37.27110113811895,-119.32321918959605,0.039308105,Low,Continue standard monitoring.,0.028812207,-0.25331247,-0.33144337,0.10832068,0.022000002,19.23357423146569,1,1.2870513517409563,xgboost
-8205211,2025,8.0,36.92974133015353,-118.98185938163064,0.011327673,Low,Continue standard monitoring.,0.4232098,-0.021982288,0.16249248,0.15125887,0.012,21.605579220351387,1,1.3987364773811013,xgboost
-8203416,2020,9.0,37.235168526754165,-119.26932027254888,0.040954664,Low,Continue standard monitoring.,0.115538575,-0.14186482,-0.16891514,0.12880318,0.019000001,18.91290637122262,1,0.4952410496413134,xgboost
-8203415,2020,9.0,37.19923591538939,-119.2333876611841,0.94532096,High,Prioritize for closer monitoring.,0.108121976,0.0593457,0.13352083,0.13372609,0.014,15.88660700056289,1,2.8721454238984734,xgboost
-8203415,2022,1.0,37.917888142685,-119.95203988847972,0.01470239,Low,Continue standard monitoring.,0.4914158,0.12495654,0.3395412,0.32147902,0.083000004,3.740285656016397,1,0.22338815460292,xgboost
-8201619,2020,9.0,37.235168526754165,-119.25135396686647,0.011933483,Low,Continue standard monitoring.,0.102724545,-0.18770336,-0.25651458,0.12880318,0.019000001,18.91290637122262,1,0.35070126511467,xgboost
-8201619,2021,2.0,37.86398922563783,-119.88017466575016,0.059829835,Low,Continue standard monitoring.,0.47520944,0.0005189973,0.15500432,0.2729915,0.098000005,2.235156972067728,1,0.1046831500442589,xgboost
-8201618,2020,9.0,37.21720222107178,-119.2333876611841,0.93129414,High,Prioritize for closer monitoring.,0.091408916,-0.030041328,-0.042874835,0.12880318,0.019000001,15.88660700056289,1,2.3321163591674785,xgboost
-8201618,2022,1.0,37.935854448367394,-119.95203988847972,0.09722098,Low,Continue standard monitoring.,0.21466875,0.50361246,0.604736,0.26059344,0.083000004,3.740285656016397,1,0.3289201341738755,xgboost
-8199822,2020,9.0,37.27110113811895,-119.26932027254888,0.09493174,Low,Continue standard monitoring.,-0.0025502946,-0.107129455,-0.15259288,0.12880318,0.019000001,19.23357423146569,1,0.5069261689742024,xgboost
-8199822,2020,11.0,37.27110113811895,-119.26932027254888,0.1343792,Low,Continue standard monitoring.,0.043654118,0.917479,0.7584044,0.22822054,0.080000006,4.079730712042931,1,0.1986330663068936,xgboost
-8199822,2021,8.0,38.60060775861584,-120.59882689304575,0.9315731,High,Prioritize for closer monitoring.,0.7056916,0.22814198,0.54263186,0.15559267,0.004,24.183951847527624,1,2.395599679090082,xgboost
-8199822,2021,10.0,37.27110113811895,-119.26932027254888,0.36531594,Medium,Review during seasonal planning.,0.22183904,-0.039380167,0.03601711,0.26712257,0.09,8.800767845235896,1,0.4394370214641094,xgboost
-8198026,2020,9.0,37.37889897221329,-119.35915180096084,0.08461996,Low,Continue standard monitoring.,-0.014827935,-0.009505009,-0.027284853,0.13234802,0.020000001,18.83216635386151,1,0.8374004852026701,xgboost
-8198025,2020,9.0,37.19923591538939,-119.17948874413692,0.08713286,Low,Continue standard monitoring.,0.12145276,0.04543092,0.11216673,0.1348195,0.013,15.88660700056289,1,2.9286741601193653,xgboost
-8198025,2021,8.0,38.61857406429823,-120.59882689304575,0.12867057,Low,Continue standard monitoring.,0.64479786,0.16045679,0.4516923,0.15559267,0.004,24.183951847527624,1,3.81474749012185,xgboost
-8198025,2025,4.0,37.25313483243656,-119.2333876611841,0.0377623,Low,Continue standard monitoring.,0.2018019,0.17418094,0.22101684,0.24127425,0.07700001,4.097212664286303,1,0.2672316794368354,xgboost
-8196229,2020,9.0,37.235168526754165,-119.19745504981933,0.122637056,Low,Continue standard monitoring.,0.28791678,-0.12558554,-0.10709694,0.13923958,0.014,15.88660700056289,1,1.0893584370302658,xgboost
-8196229,2020,11.0,37.25313483243656,-119.2154213555017,0.010010981,Low,Continue standard monitoring.,0.35728073,-0.34847245,-0.39948013,0.22822054,0.080000006,2.6894909116957137,1,0.1927859435001244,xgboost
-8196229,2021,8.0,38.60060775861584,-120.56289428168098,0.3705941,Medium,Review during seasonal planning.,0.7053045,0.2967596,0.5082524,0.15559267,0.004,24.183951847527624,1,1.5857634825259448,xgboost
-8196229,2025,4.0,37.25313483243656,-119.2154213555017,0.0055670757,Low,Continue standard monitoring.,0.308925,-0.13082598,-0.08757645,0.24127425,0.07700001,4.097212664286303,1,0.3148413541388105,xgboost
-8194432,2020,9.0,37.25313483243656,-119.19745504981933,0.13691773,Low,Continue standard monitoring.,0.20186085,0.23228157,0.39423367,0.13923958,0.014,17.82796984778514,1,0.7740572491741698,xgboost
-8194432,2021,8.0,38.58264145293345,-120.5269616703162,0.03550921,Low,Continue standard monitoring.,0.5393796,0.1321129,0.3461358,0.17086446,0.003,23.1137994827763,1,1.134102249231476,xgboost
-8192636,2021,8.0,38.60060775861584,-120.5269616703162,0.051175553,Low,Continue standard monitoring.,0.5014942,0.14398189,0.3075048,0.17086446,0.004,23.1137994827763,1,1.0226241702643724,xgboost
-8192636,2023,2.0,38.60060775861584,-120.5269616703162,0.082871184,Low,Continue standard monitoring.,0.39467263,-0.11991389,0.04239675,0.48754796,0.22600001,2.2222494897388287,1,1.477061666646286,xgboost
-8192635,2020,9.0,37.450764194942856,-119.37711810664322,0.025184302,Low,Continue standard monitoring.,0.06555618,-0.24649744,-0.32392848,0.14305186,0.026,16.44934842851427,1,2.427123502207299,xgboost
-8192635,2021,8.0,38.56467514725106,-120.49102905895144,0.92182696,High,Prioritize for closer monitoring.,0.6726073,0.2893346,0.5260098,0.17086446,0.004,23.1137994827763,1,0.7439782881626377,xgboost
-8192635,2024,11.0,36.82194349605919,-118.74829740775957,0.06521755,Low,Continue standard monitoring.,0.17609143,-0.30182838,-0.33907035,0.17468037,0.087000005,1.6868620554606082,1,1.5368223228802285,xgboost
-8190839,2020,9.0,37.43279788926046,-119.34118549527844,0.014998657,Low,Continue standard monitoring.,-0.016133258,-0.04722421,-0.10430599,0.13234802,0.026,19.69589248233376,1,2.135823874101043,xgboost
-8190839,2021,8.0,38.60060775861584,-120.50899536463382,0.041141894,Low,Continue standard monitoring.,0.47192997,0.15347141,0.24852458,0.17086446,0.004,23.1137994827763,1,0.813103290203099,xgboost
-8190839,2023,2.0,38.60060775861584,-120.50899536463382,0.034410555,Low,Continue standard monitoring.,0.24562576,-0.1699158,-0.04969324,0.48754796,0.22600001,2.2222494897388287,1,1.32676288321176,xgboost
-8190839,2024,10.0,36.82194349605919,-118.73033110207716,0.17691278,Low,Continue standard monitoring.,0.25717118,-0.13847429,-0.13819382,0.14588101,0.015000001,12.00655769840364,1,4.401202834139649,xgboost
-8190838,2020,9.0,37.41483158357807,-119.32321918959605,0.019484613,Low,Continue standard monitoring.,0.12025577,-0.09142309,-0.10931142,0.13234802,0.026,19.69589248233376,1,1.3411958461254836,xgboost
-8190838,2021,8.0,38.58264145293345,-120.49102905895144,0.7921661,High,Prioritize for closer monitoring.,0.6878321,0.30750677,0.5493798,0.17086446,0.004,23.1137994827763,1,0.925555525849072,xgboost
-8189042,2020,9.0,37.46873050062524,-119.35915180096084,0.9526954,High,Prioritize for closer monitoring.,0.018155634,0.10961795,0.20009072,0.14305186,0.026,16.44934842851427,1,1.7690333839661132,xgboost
-8189042,2021,8.0,38.58264145293345,-120.47306275326903,0.0067959637,Low,Continue standard monitoring.,0.4936753,0.16901824,0.27925998,0.17086446,0.004,23.1137994827763,1,1.3362034251913428,xgboost
-8189042,2023,2.0,38.60060775861584,-120.49102905895144,0.06224494,Low,Continue standard monitoring.,-0.025275666,0.65843505,0.6215055,0.48754796,0.21000001,2.2222494897388287,1,1.031681291200221,xgboost
-8187246,2020,9.0,37.37889897221329,-119.25135396686647,0.9156724,High,Prioritize for closer monitoring.,0.056187257,0.1577023,0.26505503,0.1402074,0.020000001,19.69589248233376,1,2.272657038271427,xgboost
-8187246,2021,8.0,38.60060775861584,-120.47306275326903,0.028596453,Low,Continue standard monitoring.,0.40939817,0.1003387,0.20424451,0.17086446,0.004,23.1137994827763,1,0.5576090219244361,xgboost
-8187246,2024,10.0,36.83990980174158,-118.71236479639477,0.034390256,Low,Continue standard monitoring.,0.26408926,-0.096816994,-0.098754704,0.16386655,0.015000001,12.00655769840364,1,15.78615369796753,xgboost
-8187246,2024,11.0,36.8039771903768,-118.67643218503,0.036447696,Low,Continue standard monitoring.,0.21211217,-0.31518057,-0.3398647,0.15934347,0.09200001,1.6868620554606082,1,1.6857784055173397,xgboost
-8187245,2020,9.0,37.3609326665309,-119.2333876611841,0.026621655,Low,Continue standard monitoring.,0.13991351,0.05551238,0.14526393,0.13334306,0.020000001,20.303585624694847,1,9.526855547291538,xgboost
-8187245,2021,8.0,38.58264145293345,-120.45509644758664,0.019221786,Low,Continue standard monitoring.,0.4779069,0.17494665,0.2797051,0.17086446,0.004,23.1137994827763,1,1.4050337728802804,xgboost
-8187245,2023,2.0,38.63654036998062,-120.50899536463382,0.012878106,Low,Continue standard monitoring.,0.27719092,-0.19671829,-0.10830111,0.48754796,0.22600001,2.2222494897388287,1,1.1059242592138403,xgboost
-8185449,2020,9.0,37.450764194942856,-119.30525288391364,0.9597648,High,Prioritize for closer monitoring.,0.14440571,0.097704135,0.1006279,0.14305186,0.026,18.12368382347956,1,1.195945066710313,xgboost
-8185449,2021,8.0,38.60060775861584,-120.45509644758664,0.12705936,Low,Continue standard monitoring.,0.47198665,0.26136276,0.42877632,0.17086446,0.004,23.1137994827763,1,1.1898428672510717,xgboost
-8185449,2024,8.0,38.83416973248691,-120.68865842145772,0.14562301,Low,Continue standard monitoring.,0.3098793,-0.1897849,-0.14257006,0.16780253,0.009000001,23.466510350217103,1,1.7634647717842689,xgboost
-8185448,2020,9.0,37.46873050062524,-119.32321918959605,0.9023225,High,Prioritize for closer monitoring.,0.07800873,-0.27046195,-0.36218762,0.14305186,0.026,18.12368382347956,1,1.3409644282924442,xgboost
-8185448,2021,8.0,38.63654036998062,-120.49102905895144,0.95094323,High,Prioritize for closer monitoring.,0.6788021,0.3148641,0.5700813,0.17086446,0.004,23.1137994827763,1,0.3364026307314634,xgboost
-8183653,2021,8.0,38.60060775861584,-120.43713014190423,0.07030502,Low,Continue standard monitoring.,0.54265994,0.22214481,0.420249,0.17086446,0.004,22.161372777467136,1,2.1081075476109983,xgboost
-8183652,2020,9.0,37.39686527789568,-119.2333876611841,0.23318823,Low,Continue standard monitoring.,0.05457378,-0.087069176,-0.122803025,0.1402074,0.020000001,20.303585624694847,1,1.3613354834643276,xgboost
-8183652,2021,8.0,38.58264145293345,-120.41916383622186,0.18350704,Low,Continue standard monitoring.,0.7069569,0.30865464,0.54769903,0.17086446,0.004,22.161372777467136,1,1.0145646002143622,xgboost
-8183652,2022,9.0,37.64839355744915,-119.48491594073757,0.03616061,Low,Continue standard monitoring.,0.36527044,-0.23098744,-0.24431148,0.20277943,0.037,13.830331018235997,1,37.92170841515892,xgboost
-8183652,2023,10.0,38.07958489382652,-119.91610727711492,0.8910565,High,Prioritize for closer monitoring.,0.5204042,0.20170856,0.3439345,0.15047121,0.026,9.081300805204704,1,1.8568912443837948,xgboost
-8181856,2020,9.0,37.37889897221329,-119.19745504981933,0.10863024,Low,Continue standard monitoring.,0.08250525,0.03308455,0.112350255,0.14485113,0.017,20.303585624694847,1,1.5448348474545548,xgboost
-8181856,2021,8.0,38.61857406429823,-120.43713014190423,0.022077393,Low,Continue standard monitoring.,0.4265129,0.14634562,0.25271687,0.17086446,0.004,22.161372777467136,1,1.2421391914012256,xgboost
-8181855,2020,9.0,37.46873050062524,-119.28728657823126,0.0635659,Low,Continue standard monitoring.,0.11925959,-0.23951712,-0.2800363,0.14305186,0.020000001,18.12368382347956,1,1.0266537487041203,xgboost
-8181855,2021,8.0,38.58264145293345,-120.40119753053948,0.26864472,Low,Continue standard monitoring.,0.73530376,0.4297324,0.65748715,0.17086446,0.004,22.161372777467136,1,1.291470364081087,xgboost
-8181855,2022,9.0,39.01383278931082,-120.83238886691684,0.14995867,Low,Continue standard monitoring.,0.43313602,0.08393262,0.22557883,0.296006,0.019000001,22.25285163455544,1,4.633154874498194,xgboost
-8180059,2020,9.0,37.43279788926046,-119.2333876611841,0.11012926,Low,Continue standard monitoring.,0.20437495,-0.0737001,0.0030509613,0.1402074,0.020000001,20.303585624694847,1,3.402840218547246,xgboost
-8180059,2021,8.0,38.60060775861584,-120.40119753053948,0.9351588,High,Prioritize for closer monitoring.,0.76506644,0.45341185,0.6814675,0.17086446,0.004,22.161372777467136,1,0.5256920329740514,xgboost
-8180059,2022,8.0,37.66635986313154,-119.46694963505516,0.008583095,Low,Continue standard monitoring.,0.365787,-0.13550352,-0.065755785,0.22326873,0.030000001,17.800165861396408,1,16.496669266954996,xgboost
-8180059,2022,9.0,39.01383278931082,-120.81442256123444,0.049688898,Low,Continue standard monitoring.,0.46816745,0.11931363,0.22554345,0.296006,0.019000001,22.25285163455544,1,1.57126612637354,xgboost
-8178263,2020,9.0,37.486696806307634,-119.26932027254888,0.09869527,Low,Continue standard monitoring.,0.113607235,-0.1896073,-0.26629382,0.14646074,0.020000001,18.12368382347956,1,1.480376701258744,xgboost
-8178263,2021,8.0,38.60060775861584,-120.38323122485708,0.9654726,High,Prioritize for closer monitoring.,0.7837764,0.40793517,0.66433334,0.17398493,0.004,22.161372777467136,1,2.50628868341446,xgboost
-8178262,2020,9.0,37.34296636084851,-119.12558982708975,0.9264622,High,Prioritize for closer monitoring.,0.3190711,0.26517949,0.44839093,0.14236832,0.017,16.053856892055933,1,1.1980529570871072,xgboost
-8178262,2020,11.0,37.39686527789568,-119.17948874413692,0.052001327,Low,Continue standard monitoring.,0.13167903,0.41062638,0.37439898,0.20851006,0.055000003,4.321408229404028,1,0.1374173794562617,xgboost
-8178262,2021,8.0,38.61857406429823,-120.40119753053948,0.017172098,Low,Continue standard monitoring.,0.41759095,0.34947422,0.57345927,0.17086446,0.004,22.161372777467136,1,1.372187465912214,xgboost
-8176466,2020,9.0,37.50466311199003,-119.26932027254888,0.07758465,Low,Continue standard monitoring.,0.1441007,0.002345482,0.06675345,0.14646074,0.022000002,18.12368382347956,1,0.9184431844235708,xgboost
-8176466,2021,8.0,38.6724729813454,-120.43713014190423,0.0073421556,Low,Continue standard monitoring.,0.42556578,0.15927227,0.25325742,0.16887635,0.004,22.149065989832764,1,0.4694658259216409,xgboost
-8176466,2022,9.0,38.94196756658126,-120.70662472714012,0.08981023,Low,Continue standard monitoring.,0.5563862,0.21653067,0.34812245,0.34289837,0.019000001,21.427962854173472,1,0.3765561295052369,xgboost
-8176465,2021,8.0,38.63654036998062,-120.40119753053948,0.11544399,Low,Continue standard monitoring.,0.3768773,0.2477872,0.35077745,0.17086446,0.004,22.161372777467136,1,0.5232876795530319,xgboost
-8176465,2022,9.0,39.01383278931082,-120.77848994986968,0.93115574,High,Prioritize for closer monitoring.,0.58464205,0.1737568,0.4278213,0.3515032,0.019000001,22.25285163455544,1,1.7812249616465785,xgboost
-8174670,2020,9.0,37.52262941767241,-119.26932027254888,0.1539082,Low,Continue standard monitoring.,0.3184058,-0.086291276,-0.019890921,0.14646074,0.022000002,18.12368382347956,1,0.7224084641068027,xgboost
-8174669,2020,9.0,37.39686527789568,-119.14355613277216,0.9127367,High,Prioritize for closer monitoring.,0.29130825,-0.07980701,-0.008594319,0.14485113,0.017,18.04204319847957,1,1.2382322391090186,xgboost
-8174669,2021,8.0,38.61857406429823,-120.36526491917468,0.07787095,Low,Continue standard monitoring.,0.67768985,0.27957323,0.5283748,0.17398493,0.004,22.161372777467136,1,2.303022631444037,xgboost
-8174669,2022,9.0,38.92400126089887,-120.67069211577532,0.02613777,Low,Continue standard monitoring.,0.32807755,-0.033652965,-0.12078462,0.34289837,0.020000001,21.427962854173472,1,0.4047574826649257,xgboost
-8172873,2020,9.0,37.52262941767241,-119.25135396686647,0.90400505,High,Prioritize for closer monitoring.,0.35405162,-0.1236725,0.011954501,0.14646074,0.022000002,18.12368382347956,1,0.6371665915231342,xgboost
-8172873,2021,8.0,38.654506675663015,-120.38323122485708,0.045839444,Low,Continue standard monitoring.,0.34143677,-0.14068726,-0.06774113,0.17226075,0.004,22.149065989832764,1,0.8670736712475235,xgboost
-8172873,2022,9.0,38.94196756658126,-120.67069211577532,0.009201399,Low,Continue standard monitoring.,0.31592995,0.07815328,0.09761464,0.34289837,0.020000001,21.427962854173472,1,0.9686669503387652,xgboost
-8172872,2021,8.0,38.6724729813454,-120.40119753053948,0.018432163,Low,Continue standard monitoring.,0.42427275,0.07904011,0.18386982,0.16887635,0.004,22.149065989832764,1,0.4810737837105989,xgboost
-8172872,2022,9.0,38.92400126089887,-120.65272581009292,0.11746111,Low,Continue standard monitoring.,0.51029354,0.22593094,0.408851,0.34289837,0.020000001,21.427962854173472,1,0.5748272010165713,xgboost
-8171076,2020,9.0,37.52262941767241,-119.2333876611841,0.7789764,High,Prioritize for closer monitoring.,0.4353018,0.031222599,0.11652851,0.14646074,0.022000002,18.65535971323652,1,0.5625698139580587,xgboost
-8171076,2020,10.0,37.30703374948373,-119.0177919929954,0.91686374,High,Prioritize for closer monitoring.,0.39442495,0.031477287,0.12646228,0.14585412,0.019000001,10.646577371576823,1,0.5200786274616365,xgboost
-8171076,2021,8.0,37.989753365414565,-119.70051160892623,0.012219333,Low,Continue standard monitoring.,0.20291683,-0.20307632,-0.21751101,0.13848838,0.004,19.46572425596179,1,0.8146551026200707,xgboost
-8171076,2022,9.0,38.94196756658126,-120.65272581009292,0.32053313,Low,Continue standard monitoring.,0.41208622,0.0087038735,0.06042891,0.34289837,0.020000001,21.427962854173472,1,1.43864553574134,xgboost
-8171075,2021,8.0,38.63654036998062,-120.3472986134923,0.8433465,High,Prioritize for closer monitoring.,0.5581054,-0.2366594,-0.15958437,0.17398493,0.004,20.970313049644574,1,1.219725834375078,xgboost
-8171075,2022,9.0,38.97790017794604,-120.68865842145772,0.11696411,Low,Continue standard monitoring.,0.2761301,-0.018560624,0.03299524,0.36178192,0.020000001,21.016116608513755,1,1.3550434747622129,xgboost
-8169280,2021,8.0,38.69043928702779,-120.38323122485708,0.04676214,Low,Continue standard monitoring.,0.38888258,0.15192351,0.26145747,0.17226075,0.004,22.149065989832764,1,0.628269108980894,xgboost
-8169280,2022,9.0,39.03179909499321,-120.7245910328225,0.019593272,Low,Continue standard monitoring.,0.17704701,-0.09113623,-0.10578162,0.3515032,0.019000001,21.016116608513755,1,2.120344333117828,xgboost
-8169279,2020,9.0,37.5585620290372,-119.25135396686647,0.08627326,Low,Continue standard monitoring.,0.34696415,-0.07867929,-0.040944256,0.14679974,0.022000002,14.720482868618433,1,0.706392643628297,xgboost
-8169279,2020,10.0,37.43279788926046,-119.12558982708975,0.074762754,Low,Continue standard monitoring.,0.3727753,-0.020575237,0.06826552,0.12740612,0.021000002,13.409031168619832,1,1.853627902300408,xgboost
-8169279,2020,11.0,37.5585620290372,-119.25135396686647,0.0671692,Low,Continue standard monitoring.,0.033690035,0.430585,0.35992038,0.16778949,0.074,-1.148662842644569,1,0.128004664913393,xgboost
-8169279,2021,8.0,38.654506675663015,-120.3472986134923,0.023878302,Low,Continue standard monitoring.,0.4833915,0.19118877,0.3110341,0.17226075,0.004,20.861796479584086,1,0.835664857533716,xgboost
-8169279,2022,9.0,38.94196756658126,-120.63475950441055,0.9024515,High,Prioritize for closer monitoring.,0.77504116,0.31515157,0.6160103,0.32831702,0.020000001,20.563656213548484,1,1.2251557663437866,xgboost
-8167483,2020,9.0,37.540595723354805,-119.2154213555017,0.12552333,Low,Continue standard monitoring.,0.46035045,0.09354323,0.166734,0.14679974,0.022000002,18.65535971323652,1,1.137261433601379,xgboost
-8167483,2020,10.0,37.486696806307634,-119.16152243845453,0.08257316,Low,Continue standard monitoring.,0.35551247,0.08712224,0.13823691,0.13008672,0.021000002,13.841115447013635,1,0.5238844839856028,xgboost
-8167483,2021,8.0,38.654506675663015,-120.3293323078099,0.017488578,Low,Continue standard monitoring.,0.5007544,0.058626365,0.2723599,0.17226075,0.004,20.861796479584086,1,2.074576184330952,xgboost
-8167483,2022,9.0,38.99586648362843,-120.67069211577532,0.05891368,Low,Continue standard monitoring.,0.25856867,-0.022432428,0.07858765,0.36178192,0.020000001,21.016116608513755,1,1.678611664899758,xgboost
-8167482,2020,9.0,37.5585620290372,-119.2333876611841,0.082060635,Low,Continue standard monitoring.,0.32052273,-0.09361659,-0.024821134,0.14679974,0.022000002,14.599549166361498,1,0.6294973859632457,xgboost
-8167482,2020,10.0,37.41483158357807,-119.08965721572496,0.064990304,Low,Continue standard monitoring.,0.38478768,0.028376801,0.09315104,0.1292809,0.019000001,13.409031168619832,1,0.8474170470779593,xgboost
-8167482,2021,8.0,38.63654036998062,-120.31136600212751,0.10182707,Low,Continue standard monitoring.,0.7094846,0.3427976,0.56439984,0.16899085,0.004,20.970313049644574,1,1.0057689109614685,xgboost
-8167482,2022,9.0,38.95993387226365,-120.63475950441055,0.9231479,High,Prioritize for closer monitoring.,0.572312,0.12457907,0.37607387,0.32831702,0.020000001,20.19572001563182,1,0.8150103418599992,xgboost
-8165686,2020,10.0,37.39686527789568,-119.05372460436018,0.96901906,High,Prioritize for closer monitoring.,0.36999822,0.04861444,0.16069809,0.1292809,0.019000001,13.409031168619832,1,0.6200051981140859,xgboost
-8165686,2021,8.0,38.654506675663015,-120.31136600212751,0.06441914,Low,Continue standard monitoring.,0.5837917,0.17657098,0.390746,0.15962264,0.004,20.861796479584086,1,1.1023033970878238,xgboost
-8165686,2022,9.0,38.94196756658126,-120.59882689304575,0.94520825,High,Prioritize for closer monitoring.,0.72042686,0.33476594,0.6173552,0.32831702,0.021000002,20.563656213548484,1,1.4700185741697038,xgboost
-8165685,2021,8.0,38.63654036998062,-120.29339969644514,0.3214804,Low,Continue standard monitoring.,0.79733247,0.5724995,0.7485379,0.16899085,0.004,20.970313049644574,1,9.341785352332172,xgboost
-8165685,2022,5.0,38.63654036998062,-120.29339969644514,0.039548114,Low,Continue standard monitoring.,0.20536514,-0.31432787,-0.3463382,0.26586288,0.033,9.79570346545148,1,0.2772957591906838,xgboost
-8163890,2020,10.0,37.52262941767241,-119.16152243845453,0.9373662,High,Prioritize for closer monitoring.,0.60438406,0.29211646,0.4930711,0.13008672,0.021000002,13.841115447013635,1,1.9396413851367391,xgboost
-8163890,2021,8.0,38.69043928702779,-120.3293323078099,0.049726073,Low,Continue standard monitoring.,0.450376,0.28387076,0.49686423,0.17226075,0.004,20.861796479584086,1,2.2058501789685,xgboost
-8163890,2022,9.0,38.94196756658126,-120.58086058736338,0.006180448,Low,Continue standard monitoring.,0.45228255,-0.005309798,0.17358601,0.32831702,0.021000002,20.563656213548484,1,1.3752051308751103,xgboost
-8163889,2020,9.0,37.594494640401976,-119.2333876611841,0.23144905,Low,Continue standard monitoring.,0.7198279,0.29447436,0.5752023,0.14679974,0.022000002,14.599549166361498,1,1.325747414380312,xgboost
-8163889,2021,8.0,38.63654036998062,-120.27543339076274,0.6537887,Medium,Review during seasonal planning.,0.65057504,0.15032607,0.39546254,0.16899085,0.004,20.970313049644574,1,0.599796587601304,xgboost
-8163889,2022,9.0,38.95993387226365,-120.59882689304575,0.05252641,Low,Continue standard monitoring.,0.3946296,-0.027766706,0.0317292,0.32831702,0.021000002,20.19572001563182,1,2.432433240470432,xgboost
-8163889,2022,10.0,38.99586648362843,-120.63475950441055,0.24161935,Low,Continue standard monitoring.,0.6303471,0.16706432,0.39396596,0.19737469,0.042000003,15.06430499579318,1,0.3135527673487862,xgboost
-8162093,2021,8.0,38.654506675663015,-120.27543339076274,0.24078538,Low,Continue standard monitoring.,0.59384155,0.16828339,0.37962717,0.15962264,0.004,20.861796479584086,1,0.60050604644197,xgboost
-8162093,2022,9.0,38.99586648362843,-120.61679319872816,0.13232051,Low,Continue standard monitoring.,0.5085166,0.25013283,0.41170117,0.33929068,0.020000001,20.19572001563182,1,1.958028835337609,xgboost
-8162092,2021,8.0,38.63654036998062,-120.25746708508036,0.385653,Medium,Review during seasonal planning.,0.65482223,0.27586132,0.46665776,0.16899085,0.004,20.970313049644574,1,0.3093721556856676,xgboost
-8162092,2022,9.0,38.97790017794604,-120.59882689304575,0.43433306,Medium,Review during seasonal planning.,0.5188552,0.24056315,0.52709264,0.33929068,0.021000002,20.19572001563182,1,1.7010255556391634,xgboost
-8160296,2021,8.0,38.654506675663015,-120.25746708508036,0.089536354,Low,Continue standard monitoring.,0.5265741,0.1109527,0.29533294,0.15962264,0.004,20.861796479584086,1,0.5020583762228489,xgboost
-8160296,2022,9.0,38.99586648362843,-120.59882689304575,0.06644054,Low,Continue standard monitoring.,0.25615337,0.16849169,0.17212452,0.33929068,0.021000002,20.19572001563182,1,1.2952263664454222,xgboost
-8158500,2021,8.0,38.69043928702779,-120.27543339076274,0.034359835,Low,Continue standard monitoring.,0.56756616,0.074583404,0.28133202,0.15962264,0.004,20.861796479584086,1,1.8545537973227708,xgboost
-8158500,2022,9.0,38.99586648362843,-120.58086058736338,0.95205975,High,Prioritize for closer monitoring.,0.74687666,0.25368178,0.5456635,0.33929068,0.021000002,20.19572001563182,1,2.800644621507011,xgboost
-8158499,2020,11.0,37.5585620290372,-119.14355613277216,0.03976061,Low,Continue standard monitoring.,0.08821663,0.5216471,0.6288938,0.1682223,0.056,-1.0047907723320575,1,0.1836334424666487,xgboost
-8158499,2021,8.0,38.63654036998062,-120.22153447371556,0.105792284,Low,Continue standard monitoring.,0.54767025,0.1583387,0.36068964,0.15944041,0.004,19.527851482104268,1,0.5098992690577039,xgboost
-8158499,2022,9.0,39.0497654006756,-120.63475950441055,0.013432854,Low,Continue standard monitoring.,0.22154662,-0.10928764,-0.15336579,0.34831023,0.022000002,20.19572001563182,1,5.848795744792922,xgboost
-8156703,2021,8.0,38.654506675663015,-120.22153447371556,0.959329,High,Prioritize for closer monitoring.,0.6471613,0.28998896,0.51812786,0.15433863,0.004,19.06922412995374,1,0.5769148177156845,xgboost
-8156702,2020,11.0,37.5585620290372,-119.12558982708975,0.0076261414,Low,Continue standard monitoring.,0.34114662,-0.1241974,0.07239797,0.1682223,0.056,-1.0047907723320575,1,0.3512599416650258,xgboost
-8156702,2021,8.0,38.63654036998062,-120.20356816803316,0.6234095,Medium,Review during seasonal planning.,0.6470328,0.30917025,0.5394335,0.15944041,0.004,19.527851482104268,1,0.4211769654149456,xgboost
-8156702,2022,9.0,39.06773170635799,-120.63475950441055,0.86467963,High,Prioritize for closer monitoring.,0.7598134,0.32527456,0.58939666,0.34831023,0.022000002,19.78720222049293,1,7.685119396369417,xgboost
-8154907,2021,8.0,38.69043928702779,-120.23950077939796,0.60429466,Medium,Review during seasonal planning.,0.8028127,0.45064765,0.70065516,0.15433863,0.004,19.06922412995374,1,2.1459526995844813,xgboost
-8154906,2021,8.0,38.654506675663015,-120.20356816803316,0.6774752,High,Prioritize for closer monitoring.,0.56519026,0.08974725,0.28748432,0.15433863,0.004,19.06922412995374,1,0.4333272847533226,xgboost
-8154906,2022,9.0,39.06773170635799,-120.61679319872816,0.03417958,Low,Continue standard monitoring.,0.45651072,0.113173,0.15750109,0.34831023,0.022000002,19.78720222049293,1,2.643062099907547,xgboost
-8153110,2021,8.0,38.654506675663015,-120.18560186235078,0.6098605,Medium,Review during seasonal planning.,0.5815706,0.15391211,0.37111035,0.15433863,0.004,19.06922412995374,1,1.201483120396733,xgboost
-8153109,2021,8.0,38.6724729813454,-120.20356816803316,0.09466673,Low,Continue standard monitoring.,0.7695866,0.43840644,0.6614183,0.15433863,0.004,19.06922412995374,1,0.8232898916273067,xgboost
-8153109,2022,9.0,39.12163062340516,-120.65272581009292,0.0052337674,Low,Continue standard monitoring.,0.45420703,0.011187894,0.20225997,0.3519287,0.021000002,20.711160553826232,1,4.083354278890924,xgboost
-8151313,2021,8.0,38.6724729813454,-120.18560186235078,0.28998798,Low,Continue standard monitoring.,0.6226776,0.18929456,0.39582694,0.15433863,0.004,19.06922412995374,1,1.3516417460945935,xgboost
-8151312,2021,8.0,38.78027081543974,-120.29339969644514,0.01324246,Low,Continue standard monitoring.,0.5917658,0.08905663,0.3193215,0.15962264,0.004,20.902859357608293,1,7.408769484409796,xgboost
-8151312,2022,9.0,39.12163062340516,-120.63475950441055,0.059775822,Low,Continue standard monitoring.,0.33855927,0.048606526,0.24173266,0.34831023,0.021000002,19.78720222049293,1,2.65591715335846,xgboost
-8149517,2021,8.0,38.69043928702779,-120.18560186235078,0.92762905,High,Prioritize for closer monitoring.,0.6423952,0.23440549,0.44640726,0.15433863,0.004,19.06922412995374,1,2.1136806091914573,xgboost
-8149516,2021,8.0,38.6724729813454,-120.1676355566684,0.04498674,Low,Continue standard monitoring.,0.5115023,0.04383344,0.22792555,0.15433863,0.004,19.06922412995374,1,0.4159363700697819,xgboost
-8147720,2021,8.0,38.708405592710186,-120.18560186235078,0.91406035,High,Prioritize for closer monitoring.,0.642222,0.2830651,0.4936228,0.15433863,0.004,19.06922412995374,1,3.317637401744318,xgboost
-8147719,2020,9.0,38.97790017794604,-120.45509644758664,0.124126785,Low,Continue standard monitoring.,0.7100859,0.25301945,0.5160862,0.20145196,0.009000001,20.13288521236848,1,0.6997647185011634,xgboost
-8147719,2021,8.0,38.72637189839257,-120.20356816803316,0.9317516,High,Prioritize for closer monitoring.,0.71542996,0.38575804,0.5851305,0.15433863,0.004,19.06922412995374,1,0.7217871900647879,xgboost
-8145923,2021,8.0,38.69043928702779,-120.149669250986,0.4541078,Medium,Review during seasonal planning.,0.6351771,0.25205132,0.47374964,0.14862163,0.004,17.589569182037053,1,0.2427000990853859,xgboost
-8145923,2021,9.0,38.72637189839257,-120.18560186235078,0.101184815,Low,Continue standard monitoring.,0.24282716,-0.13040036,-0.12610197,0.18476346,0.011000001,15.80057637956412,1,0.425732878753199,xgboost
-8144127,2021,8.0,38.69043928702779,-120.13170294530362,0.111051664,Low,Continue standard monitoring.,0.66743124,0.25350705,0.47915706,0.14862163,0.004,17.589569182037053,1,0.4481050353497267,xgboost
-8144126,2021,8.0,38.72637189839257,-120.1676355566684,0.9342463,High,Prioritize for closer monitoring.,0.6309472,0.16290423,0.3777042,0.15433863,0.004,19.06922412995374,1,1.0250534488941017,xgboost
-8142330,2021,8.0,38.76230450975736,-120.18560186235078,0.95073235,High,Prioritize for closer monitoring.,0.62869954,0.17600438,0.40615332,0.15433863,0.004,18.989114502937586,1,0.435759673403068,xgboost
-8142329,2021,8.0,38.78027081543974,-120.20356816803316,0.39509925,Medium,Review during seasonal planning.,0.74621934,0.4344932,0.6600215,0.15433863,0.004,18.989114502937586,1,1.3559043100879835,xgboost
-8140533,2021,8.0,38.76230450975736,-120.1676355566684,0.9281646,High,Prioritize for closer monitoring.,0.7751383,0.45579314,0.666258,0.15433863,0.004,18.989114502937586,1,0.1923281802307991,xgboost
-8138737,2021,8.0,38.798237121122135,-120.18560186235078,0.5112336,Medium,Review during seasonal planning.,0.6640604,0.23052894,0.47020367,0.15433863,0.004,18.989114502937586,1,1.5486824369917696,xgboost
-8138736,2021,8.0,38.76230450975736,-120.149669250986,0.21105617,Low,Continue standard monitoring.,0.66965795,0.37635636,0.57513237,0.14862163,0.004,17.21716022286364,1,1.5401679347627435,xgboost
-8138736,2021,9.0,38.72637189839257,-120.11373663962122,0.17887715,Low,Continue standard monitoring.,0.37243384,-0.027090056,0.04993956,0.17560199,0.011000001,14.40458028581412,1,140.3804145257175,xgboost
-8136940,2021,8.0,38.798237121122135,-120.1676355566684,0.18019202,Low,Continue standard monitoring.,0.7908665,0.5745567,0.75031394,0.15433863,0.004,18.989114502937586,1,1.5911917708069083,xgboost
-8136940,2021,9.0,38.72637189839257,-120.09577033393884,0.92017853,High,Prioritize for closer monitoring.,0.24623162,0.010097579,0.041248374,0.17560199,0.010000001,14.40458028581412,1,1.1333112789487296,xgboost
-8136939,2021,8.0,38.78027081543974,-120.149669250986,0.05765738,Low,Continue standard monitoring.,0.7778784,0.4719614,0.6842106,0.14862163,0.004,17.21716022286364,1,0.926594792632386,xgboost
-8135143,2021,8.0,38.798237121122135,-120.149669250986,0.113153495,Low,Continue standard monitoring.,0.77925235,0.45455518,0.6687535,0.14862163,0.004,17.21716022286364,1,1.1196526248008012,xgboost
-8135143,2021,9.0,38.708405592710186,-120.05983772257406,0.12950327,Low,Continue standard monitoring.,0.45532715,0.17040044,0.081323385,0.15019025,0.010000001,14.40458028581412,1,0.5628670841785303,xgboost
-8133347,2021,8.0,38.798237121122135,-120.13170294530362,0.82009304,High,Prioritize for closer monitoring.,0.75990415,0.45443487,0.6662858,0.14862163,0.004,17.21716022286364,1,0.3324574052315691,xgboost
-8133346,2021,8.0,38.81620342680453,-120.149669250986,0.056222226,Low,Continue standard monitoring.,0.53467095,0.060346756,0.29362738,0.1525705,0.004,17.21716022286364,1,0.2204597422480583,xgboost
-8131550,2021,8.0,38.798237121122135,-120.11373663962122,0.6660003,High,Prioritize for closer monitoring.,0.6797553,0.35237226,0.5596154,0.14862163,0.004,17.21716022286364,1,0.6321965099957126,xgboost
-8129753,2021,8.0,38.81620342680453,-120.11373663962122,0.9404421,High,Prioritize for closer monitoring.,0.5759382,0.15354899,0.3704657,0.1525705,0.004,17.21716022286364,1,0.4367057165274253,xgboost
-8129753,2021,9.0,38.78027081543974,-120.07780402825644,0.93776226,High,Prioritize for closer monitoring.,0.27761102,-0.043233275,-0.003022895,0.15019025,0.010000001,14.033293935987729,1,1.1632197219878435,xgboost
-8126160,2021,8.0,38.81620342680453,-120.07780402825644,0.8986489,High,Prioritize for closer monitoring.,0.5753374,0.08482932,0.2577804,0.14041981,0.0050000004,17.21716022286364,1,0.2539648827910423,xgboost
-8120770,2021,9.0,38.81620342680453,-120.02390511120927,0.17723757,Low,Continue standard monitoring.,0.32885838,0.032954592,0.118136436,0.15012434,0.009000001,13.930757586161292,1,0.7997559185605496,xgboost
-8118973,2021,7.0,38.63654036998062,-119.82627574870298,0.9357083,High,Prioritize for closer monitoring.,0.45653167,0.08864074,0.18018037,0.14938906,0.018000001,18.17000437090473,1,0.6817018120464954,xgboost
-8118973,2021,9.0,38.81620342680453,-120.00593880552688,0.9434988,High,Prioritize for closer monitoring.,0.30475098,0.049003184,0.09745095,0.15012434,0.009000001,13.930757586161292,1,1.7403506957925856,xgboost
-8117177,2021,7.0,38.6724729813454,-119.84424205438536,0.026354967,Low,Continue standard monitoring.,0.55060357,0.14852959,0.2533686,0.14827059,0.018000001,20.413449326381908,1,1.224580633012872,xgboost
-8117177,2021,8.0,38.83416973248691,-120.00593880552688,0.078901485,Low,Continue standard monitoring.,0.69131595,0.3294301,0.524333,0.14041981,0.0050000004,16.99022232383811,1,0.3395533939966789,xgboost
-8117176,2021,10.0,37.81009030859066,-118.98185938163064,0.06261502,Low,Continue standard monitoring.,0.44936034,0.07338677,0.25035182,0.16403565,0.065000005,4.193527106828583,1,0.226989413490114,xgboost
-8115381,2021,8.0,38.83416973248691,-119.98797249984447,0.06413193,Low,Continue standard monitoring.,0.6075227,0.06411616,0.25693923,0.12511213,0.0050000004,16.99022232383811,1,0.3280144918423432,xgboost
-8115380,2021,7.0,38.654506675663015,-119.8083094430206,0.1561963,Low,Continue standard monitoring.,0.40296903,0.075999945,0.15785296,0.13710552,0.018000001,20.413449326381908,1,0.6808441296016099,xgboost
-8115380,2021,9.0,38.852136038169306,-120.00593880552688,0.081791386,Low,Continue standard monitoring.,0.69712794,0.29137057,0.49726856,0.15012434,0.009000001,15.325744565327966,1,1.2873144773766398,xgboost
-8113584,2021,7.0,38.654506675663015,-119.7903431373382,0.93305045,High,Prioritize for closer monitoring.,0.35192898,0.097687,0.2137077,0.13710552,0.023000002,20.413449326381908,1,1.4660437500781631,xgboost
-8113584,2021,8.0,38.852136038169306,-119.98797249984447,0.124329105,Low,Continue standard monitoring.,0.68390584,0.29157722,0.52437115,0.12511213,0.0050000004,18.5630628606325,1,0.3853751439959384,xgboost
-8111787,2021,7.0,38.6724729813454,-119.7903431373382,0.084554024,Low,Continue standard monitoring.,0.3790959,-0.12945288,-0.047946904,0.13710552,0.023000002,20.413449326381908,1,0.6282896903222022,xgboost
-8111787,2021,8.0,38.852136038169306,-119.9700061941621,0.07115751,Low,Continue standard monitoring.,0.53026295,0.070831046,0.25593525,0.12511213,0.0050000004,18.5630628606325,1,0.2868654933516626,xgboost
-8109990,2020,9.0,38.52874253588628,-119.62864638619668,0.9493768,High,Prioritize for closer monitoring.,0.5350089,0.0944487,0.25168598,0.10853021,0.009000001,14.800110689798998,1,3.201130681484938,xgboost
-8109990,2021,7.0,38.6724729813454,-119.7723768316558,0.11996847,Low,Continue standard monitoring.,0.33110726,-0.050074015,0.0264789,0.13710552,0.023000002,20.413449326381908,1,0.868933069155268,xgboost
-8109990,2021,8.0,38.852136038169306,-119.95203988847972,0.03791859,Low,Continue standard monitoring.,0.70064497,0.29688573,0.5092785,0.12511213,0.0050000004,18.5630628606325,1,1.168448945241315,xgboost
-8108194,2020,9.0,38.52874253588628,-119.6106800805143,0.088215105,Low,Continue standard monitoring.,0.1699326,-0.24838808,-0.32885632,0.10853021,0.009000001,14.800110689798998,1,1.0316261097111483,xgboost
-8108194,2021,7.0,38.74433820407496,-119.82627574870298,0.059116375,Low,Continue standard monitoring.,0.5060001,0.12771063,0.25533167,0.13710552,0.024,20.413449326381908,1,2.4336612961398294,xgboost
-8108193,2021,8.0,38.8701023438517,-119.95203988847972,0.07175616,Low,Continue standard monitoring.,0.6763392,0.2685317,0.49251232,0.12511213,0.0050000004,18.5630628606325,1,0.8955389641363312,xgboost
-8106397,2020,9.0,38.52874253588628,-119.5927137748319,0.9322588,High,Prioritize for closer monitoring.,0.32537037,-0.10837956,-0.10525959,0.092382446,0.007,14.800110689798998,1,1.738965567201376,xgboost
-8104601,2020,9.0,38.51077623020389,-119.55678116346712,0.06288252,Low,Continue standard monitoring.,0.106725045,-0.25495803,-0.3427663,0.092382446,0.007,14.800110689798998,1,3.2096330910168875,xgboost
-8104601,2021,7.0,38.74433820407496,-119.7903431373382,0.053855706,Low,Continue standard monitoring.,0.5279674,0.100540474,0.30209696,0.13710552,0.025,20.413449326381908,1,0.6486142213739778,xgboost
-8104600,2020,9.0,38.52874253588628,-119.57474746914951,0.027758503,Low,Continue standard monitoring.,0.1316873,-0.26958779,-0.35350206,0.092382446,0.007,14.800110689798998,1,1.3789676986634731,xgboost
-8104600,2021,7.0,37.81009030859066,-118.8560952418539,0.023504555,Low,Continue standard monitoring.,0.51336044,0.08630912,0.30434072,0.13604371,0.021000002,19.501119437268983,1,5.7368156958254986,xgboost
-8102804,2020,9.0,38.47484361883911,-119.50288224641994,0.3662256,Medium,Review during seasonal planning.,0.16686499,-0.26706308,-0.3181375,0.09004295,0.009000001,15.998455958896216,1,0.8491504775094134,xgboost
-8101008,2020,9.0,38.492809924521495,-119.50288224641994,0.10530462,Low,Continue standard monitoring.,0.1254763,-0.22988276,-0.28567192,0.086975895,0.009000001,15.998455958896216,1,0.2669522935667863,xgboost
-8101007,2021,7.0,38.72637189839257,-119.73644422029102,0.027334943,Low,Continue standard monitoring.,0.29606724,-0.018273117,0.040415265,0.12765552,0.025,21.33490692466819,1,0.3174626484809171,xgboost
-8099211,2021,7.0,38.74433820407496,-119.73644422029102,0.24255525,Low,Continue standard monitoring.,0.34594703,-0.020263044,0.08984084,0.12765552,0.025,21.33490692466819,1,1.9784554809642327,xgboost
-8097414,2021,7.0,38.72637189839257,-119.70051160892623,0.10051439,Low,Continue standard monitoring.,0.37486476,-0.0057818303,0.06255029,0.12765552,0.025,21.33490692466819,1,7.261276767433931,xgboost
-8092024,2021,7.0,38.74433820407496,-119.66457899756146,0.93474036,High,Prioritize for closer monitoring.,0.48786232,0.114127606,0.2972968,0.1195806,0.024,21.33490692466819,1,0.7814179407432675,xgboost
-8088431,2021,7.0,38.708405592710186,-119.5927137748319,0.8250616,High,Prioritize for closer monitoring.,0.5612138,0.114400804,0.35256723,0.11249504,0.022000002,22.554006072013635,1,2.5012031732046087,xgboost
-8086635,2021,7.0,38.74433820407496,-119.6106800805143,0.0276379,Low,Continue standard monitoring.,0.52989167,0.084224895,0.2940385,0.1195806,0.024,22.554006072013635,1,1.722760788043556,xgboost
-8086634,2021,7.0,38.708405592710186,-119.57474746914951,0.04095837,Low,Continue standard monitoring.,0.51228666,0.12028079,0.3208138,0.11249504,0.022000002,22.554006072013635,1,0.5473081734539433,xgboost
-8084838,2021,7.0,38.76230450975736,-119.6106800805143,0.9491606,High,Prioritize for closer monitoring.,0.42047384,0.001716816,0.17222835,0.1195806,0.024,22.906240615024387,1,1.0024467712606897,xgboost
-8079447,2020,11.0,38.58264145293345,-119.37711810664322,0.17798698,Low,Continue standard monitoring.,0.088192776,0.43859947,0.5364938,0.11363659,0.045,2.049058511522105,1,0.1734176580996617,xgboost
-8077651,2021,7.0,38.78027081543974,-119.55678116346712,0.93790936,High,Prioritize for closer monitoring.,0.40538013,0.07233882,0.2442325,0.11249504,0.022000002,22.906240615024387,1,0.5710902728606015,xgboost
-8045312,2024,6.0,38.00771967109696,-118.46083651684133,0.07008494,Low,Continue standard monitoring.,0.47390634,-0.044583313,0.011047533,0.084149875,0.013,21.81714833577479,1,0.1357770920903594,xgboost
